number,user,restaurant_names,positions
1,yfXqZkU5iXE07GSHzdsQBA,"EKEPtNKJdZxRhYoFhuG8ew, E7s0QreUJ2H9r0Ls1yDeiQ, z-3ZDmVbHZjDrYZE42yKZA, V0tRCjf95FTqVJvmxdeqbQ, QMySP-qHdwQNZY0gDba0ng, 8PmbCVEjWGPouD1Tst6FsQ, xbCNlp2vWixy2W1WsfGv8g, bMEZKjo5LTZS3Hk7zGKflQ, FMoKoSHgitwnt_iMWm31nQ, qesu3mk5yHeak9CUO4gRdQ","687, 65, 134, 343, 67, 575, 252, 437, 218, 583"
2,hutJzKEYHuVq6CP-XSARgg,"adI5BlJCtvWq2uAwmyndXA, sxuEde0_sVFY-Uk9gpHy_g, QMySP-qHdwQNZY0gDba0ng, hJNjKc4sKgWG__KitlJ1ag, 5Iin0tl6QJT_TyL1BldtyA, aIs7Tt3pw6ymj3FOPPR4Ng, rvOvog5Utw3VXBwiSCAl0A, 563C7-HcjhZwZSl4fK-mfQ, z57omnqRcAODGwbwMHEIyw, qesu3mk5yHeak9CUO4gRdQ","482, 724, 67, 732, 125, 26, 154, 184, 301, 583"
3,2UkZKQBZVuroUBKYs9WzeQ,"Q0fcX_1wvdmffqEPa246rg, I1j1kEbQ5BliKsjzl5etVA, xbCNlp2vWixy2W1WsfGv8g, J_KI8rJa_dSwTglUbwFcdw, 563C7-HcjhZwZSl4fK-mfQ, xWuzWH8qYaa75REqVd9Isw, BmrVL3Aj5usPfpu5DE1iCg, KL1oif2ocGH2dJ4w-oT_Mg, te-QMdSMQdjws6NnRexjJQ, hJNjKc4sKgWG__KitlJ1ag","129, 465, 252, 627, 184, 817, 616, 538, 490, 732"
4,hihNuqYNKDwAwHeGNURE_g,"6MR9GZjWjLAS3s39YdDXKw, I1j1kEbQ5BliKsjzl5etVA, Q0fcX_1wvdmffqEPa246rg, ZOyBVpeSQ7sYDeZa_v0MFw, ZMcd7w-yDhFRLSwvJBV1VQ, DlnMwCDIxQ-o5kNMAfOs1g, lWRbdK9YABr0auLG19FHhQ, UqcK-YuHPzcWQtNjmhTb7g, 47Uu-2MceSRFmohdzCOvGQ, tD1veHsKELAH3b7wKmHsaw","105, 465, 129, 448, 829, 927, 387, 667, 481, 231"
5,fmpcYRlirLlHuH_R7U-mew,"pM4mWLjeaZJlcdUxut2lMg, LUhVj-r2TtmFx6cyF9ilJg, Vtahv3Af90H3fUuEEhPhdQ, aHYIubjRbTLB3o_eXkrMXA, 563C7-HcjhZwZSl4fK-mfQ, adI5BlJCtvWq2uAwmyndXA, gtx0OZnN98YXAASyMzv3hw, tuucCa40AmTMUEVNerGe9w, xbCNlp2vWixy2W1WsfGv8g, se9MhDAQjACYMO3LCIfT1Q","247, 80, 138, 764, 184, 482, 609, 220, 252, 625"
6,B3DNjsZ3gRRsWYro4auztg,"FMoKoSHgitwnt_iMWm31nQ, 563C7-HcjhZwZSl4fK-mfQ, B9gUwTS1_Yzj2vajjC7Vmg, se9MhDAQjACYMO3LCIfT1Q, GdzCnx5OWURyklzTjaQIPw, QMySP-qHdwQNZY0gDba0ng, 47Uu-2MceSRFmohdzCOvGQ, Q0fcX_1wvdmffqEPa246rg, N1BTJaWnLsCVsJ3I41EPdg, _TqUO2XaxLQ9i_z3RM8puQ","218, 184, 510, 625, 592, 67, 481, 129, 508, 875"
7,fuCGYSGs4gfeSJ9hc3xiug,"xOZ7bkrttSIGS4NZm49w5Q, R79Hir871EF-kRLIBPy9qg, nbJXmGpdCxiBnovBkBtWcA, hJNjKc4sKgWG__KitlJ1ag, Q0fcX_1wvdmffqEPa246rg, KMlY-L1oAL3qMQnwQCJPhQ, 2vOHS-_p5ylEf0BGR1dO9w, cgEzHZQKhi2anXfyF75MQw, _jNe_vwxiEh0G9JRZByc0w, V8vKFvdrvhTrQrt-rxKrPA","213, 698, 887, 732, 129, 61, 159, 504, 243, 294"
8,eFqg1qaOBHq_Od6fRlMcWA,"S1eha-aT5c7WMk7lDLsW0A, 563C7-HcjhZwZSl4fK-mfQ, xjBvbDmbsA0VX-vA55SbAA, se9MhDAQjACYMO3LCIfT1Q, z-3ZDmVbHZjDrYZE42yKZA, z57omnqRcAODGwbwMHEIyw, Sqwa2aNwnqCmc95gVWQ9bA, nJdNzQ5Z278gTCFJ4HQBLA, 3UqJKEDIh7o0aTtVUo187Q, xWuzWH8qYaa75REqVd9Isw","515, 184, 12, 625, 134, 301, 130, 250, 521, 817"
9,KvFQ5iAir60bO-ZyaXwb-w,"se9MhDAQjACYMO3LCIfT1Q, vL44Ky9VxUtOgteyHasRIA, WUAe0FGaLRCremEDXqNV4A, 8PmbCVEjWGPouD1Tst6FsQ, l_tk3iLmyKfBUCK-6nBbHg, KMlY-L1oAL3qMQnwQCJPhQ, E7s0QreUJ2H9r0Ls1yDeiQ, qmcIsZjLpxd0V4RekSozmA, vy5dhJyQ_VC1NUpPMmRUlw, xCeiBRuvqYXDXp9Vw7gmXw","625, 787, 838, 575, 267, 61, 65, 432, 289, 607"
10,1-UXAFmZILDj_orrac7GPA,"366NwqHwhOic5pBN1DjmDQ, ZMcd7w-yDhFRLSwvJBV1VQ, mVZoin0a8uTZgLsgJ9iNDQ, 563C7-HcjhZwZSl4fK-mfQ, E7s0QreUJ2H9r0Ls1yDeiQ, voaZjLwStQEq9-wj7hFYBQ, rvOvog5Utw3VXBwiSCAl0A, Q0fcX_1wvdmffqEPa246rg, XwOglLrWBvwFRKqt6dT10Q, aHYIubjRbTLB3o_eXkrMXA","335, 829, 918, 184, 65, 800, 154, 129, 45, 764"
11,SG9gzOvhFXjTnmZD6IEV1w,"2HMvoTz_hw0noLzBWmyxcA, 9XFW6HnKTrGv1CBY8B4zJw, 366NwqHwhOic5pBN1DjmDQ, 3hjLxqqEfnBhwL6ecave_g, nbJXmGpdCxiBnovBkBtWcA, nJdNzQ5Z278gTCFJ4HQBLA, mVZoin0a8uTZgLsgJ9iNDQ, 563C7-HcjhZwZSl4fK-mfQ, se9MhDAQjACYMO3LCIfT1Q, Kcg5iMwYq5ibBuEhDXKx3Q","715, 935, 335, 232, 887, 250, 918, 184, 625, 425"
12,bcxcQhp0sKYd9eUnEVUzPA,"xbCNlp2vWixy2W1WsfGv8g, aIs7Tt3pw6ymj3FOPPR4Ng, 5Iin0tl6QJT_TyL1BldtyA, hz0ldhBHu5M4ri9M_mkOdQ, 8axxI33rUyswfRk_v3vS0A, V0tRCjf95FTqVJvmxdeqbQ, 3hjLxqqEfnBhwL6ecave_g, 47Uu-2MceSRFmohdzCOvGQ, KMlY-L1oAL3qMQnwQCJPhQ, 6H6LY12AMFk6mk6g-RhJGA","252, 26, 125, 656, 216, 343, 232, 481, 61, 603"
13,P8qK9bvWta-kDCT0NUyx4g,"2HMvoTz_hw0noLzBWmyxcA, S1eha-aT5c7WMk7lDLsW0A, gqsU03i-WiyYHcBCdwObuQ, Q0fcX_1wvdmffqEPa246rg, s7TMkWF36dwwD8R3TKsJqw, MxHZ5XwIQWnJFTw9gZxAIg, Rx85NUdD6MhrgKxHr05NlQ, FMoKoSHgitwnt_iMWm31nQ, K8D_ltZWGvdXUaSE7bBiDw, xOZ7bkrttSIGS4NZm49w5Q","715, 515, 245, 129, 310, 197, 381, 218, 182, 213"
14,ZpO7BzOM2vmZcUW_m8H2KA,"563C7-HcjhZwZSl4fK-mfQ, APN05ziH92oIox8EMxcceg, sH-11zOhWubXobEeuMo2gg, nJdNzQ5Z278gTCFJ4HQBLA, EKEPtNKJdZxRhYoFhuG8ew, W-kOZ946xRWBJZvxXhJ7DA, o9KcGDv2Lkbtit7mxZs8qA, yv8m3r2v3xQtDCYnwJa99Q, 2vOHS-_p5ylEf0BGR1dO9w, NW3KM7K7ywzEfqk3OR4tAQ","184, 249, 867, 250, 687, 97, 554, 222, 159, 717"
15,xXQTdJXPGOP-NUYctcQw8g,"K8D_ltZWGvdXUaSE7bBiDw, 8PmbCVEjWGPouD1Tst6FsQ, xjBvbDmbsA0VX-vA55SbAA, 563C7-HcjhZwZSl4fK-mfQ, S1eha-aT5c7WMk7lDLsW0A, se9MhDAQjACYMO3LCIfT1Q, 3UqJKEDIh7o0aTtVUo187Q, lWRbdK9YABr0auLG19FHhQ, aIs7Tt3pw6ymj3FOPPR4Ng, hz0ldhBHu5M4ri9M_mkOdQ","182, 575, 12, 184, 515, 625, 521, 387, 26, 656"
16,CxIsFTy1uWhLJkJaxZQnLg,"8axxI33rUyswfRk_v3vS0A, xbCNlp2vWixy2W1WsfGv8g, KL1oif2ocGH2dJ4w-oT_Mg, APN05ziH92oIox8EMxcceg, hJNjKc4sKgWG__KitlJ1ag, 0XcOq9ibk5DSXGcX1d0_rA, BmrVL3Aj5usPfpu5DE1iCg, lWRbdK9YABr0auLG19FHhQ, 2vOHS-_p5ylEf0BGR1dO9w, 8PmbCVEjWGPouD1Tst6FsQ","216, 252, 538, 249, 732, 49, 616, 387, 159, 575"
17,SXTh-cBuiwUAaaI4hw-bcA,"2vOHS-_p5ylEf0BGR1dO9w, _jNe_vwxiEh0G9JRZByc0w, se9MhDAQjACYMO3LCIfT1Q, BmrVL3Aj5usPfpu5DE1iCg, KWPhAfod__yKvjH-LG4bjg, 563C7-HcjhZwZSl4fK-mfQ, 6MR9GZjWjLAS3s39YdDXKw, _TqUO2XaxLQ9i_z3RM8puQ, 2HMvoTz_hw0noLzBWmyxcA, Q0fcX_1wvdmffqEPa246rg","159, 243, 625, 616, 560, 184, 105, 875, 715, 129"
18,yb8_BHHcO6DBLDYX0LEKnw,"KMlY-L1oAL3qMQnwQCJPhQ, IYdv6RxSiqz2XMsqkiTmPQ, se9MhDAQjACYMO3LCIfT1Q, BmrVL3Aj5usPfpu5DE1iCg, 7Oi6eT_-h_9JlMqRsEdt3A, 0HyuO5rOKeaa08TFzjIJIA, -FQHy8Fkk-YPCoMHsRoZdg, Q0fcX_1wvdmffqEPa246rg, 47Uu-2MceSRFmohdzCOvGQ, tDEdasb2r1FShg8iSzUHHQ","61, 818, 625, 616, 598, 16, 749, 129, 481, 418"
19,NIwD0clhd0rAgCOOUeLoFQ,"vy5dhJyQ_VC1NUpPMmRUlw, adI5BlJCtvWq2uAwmyndXA, 8PmbCVEjWGPouD1Tst6FsQ, LUhVj-r2TtmFx6cyF9ilJg, V8vKFvdrvhTrQrt-rxKrPA, o9KcGDv2Lkbtit7mxZs8qA, u9iy3hyA9HpETKi9qns__A, KMlY-L1oAL3qMQnwQCJPhQ, E7s0QreUJ2H9r0Ls1yDeiQ, aJvi4k0ndFlGBzSZzcbnTw","289, 482, 575, 80, 294, 554, 581, 61, 65, 601"
20,NwVyki35xOcaxhMzHNtHDQ,"WUAe0FGaLRCremEDXqNV4A, vL44Ky9VxUtOgteyHasRIA, 563C7-HcjhZwZSl4fK-mfQ, se9MhDAQjACYMO3LCIfT1Q, S1eha-aT5c7WMk7lDLsW0A, hJNjKc4sKgWG__KitlJ1ag, aIs7Tt3pw6ymj3FOPPR4Ng, 47Uu-2MceSRFmohdzCOvGQ, xWuzWH8qYaa75REqVd9Isw, 8PmbCVEjWGPouD1Tst6FsQ","838, 787, 184, 625, 515, 732, 26, 481, 817, 575"
21,SlSpryqL91enzQTEnIQ4yQ,"8axxI33rUyswfRk_v3vS0A, Q0fcX_1wvdmffqEPa246rg, WUAe0FGaLRCremEDXqNV4A, B9gUwTS1_Yzj2vajjC7Vmg, 1X9DnaRUexCmwohV2E-f1g, LUhVj-r2TtmFx6cyF9ilJg, V0tRCjf95FTqVJvmxdeqbQ, u9iy3hyA9HpETKi9qns__A, lWRbdK9YABr0auLG19FHhQ, BmrVL3Aj5usPfpu5DE1iCg","216, 129, 838, 510, 545, 80, 343, 581, 387, 616"
22,5Mujjzv-ZH6HhxT-hWCpVg,"S1eha-aT5c7WMk7lDLsW0A, Sqwa2aNwnqCmc95gVWQ9bA, hz0ldhBHu5M4ri9M_mkOdQ, Kcg5iMwYq5ibBuEhDXKx3Q, V0tRCjf95FTqVJvmxdeqbQ, xjBvbDmbsA0VX-vA55SbAA, se9MhDAQjACYMO3LCIfT1Q, 563C7-HcjhZwZSl4fK-mfQ, 8axxI33rUyswfRk_v3vS0A, 5Iin0tl6QJT_TyL1BldtyA","515, 130, 656, 425, 343, 12, 625, 184, 216, 125"
23,3XDGNCH155seEXyEQPMi_w,"vL44Ky9VxUtOgteyHasRIA, 563C7-HcjhZwZSl4fK-mfQ, J_KI8rJa_dSwTglUbwFcdw, XahLCgicRsLPb0TSMAIQtw, Kcg5iMwYq5ibBuEhDXKx3Q, N8hUGYmf0jEO9eDzmYHuAw, W-kOZ946xRWBJZvxXhJ7DA, cgEzHZQKhi2anXfyF75MQw, 6MR9GZjWjLAS3s39YdDXKw, Fx4ONDdL_3eM-KCQ49WUSQ","787, 184, 627, 534, 425, 821, 97, 504, 105, 491"
24,rVEQ7nG4Bo7utMcqURxaIQ,"vL44Ky9VxUtOgteyHasRIA, sH-11zOhWubXobEeuMo2gg, N8hUGYmf0jEO9eDzmYHuAw, o9KcGDv2Lkbtit7mxZs8qA, xbCNlp2vWixy2W1WsfGv8g, qs9nL2T2guSLEudFHg71mw, hz0ldhBHu5M4ri9M_mkOdQ, vy5dhJyQ_VC1NUpPMmRUlw, nbF7bEjx_4lQJ3t6aVqFjA, z57omnqRcAODGwbwMHEIyw","787, 867, 821, 554, 252, 670, 656, 289, 645, 301"
25,chG_7z0aA-TMs53pzYZFdg,"563C7-HcjhZwZSl4fK-mfQ, E7s0QreUJ2H9r0Ls1yDeiQ, IWNPEvd3o6GHi60MxnPCVQ, FMoKoSHgitwnt_iMWm31nQ, se9MhDAQjACYMO3LCIfT1Q, Q0fcX_1wvdmffqEPa246rg, hJNjKc4sKgWG__KitlJ1ag, QMySP-qHdwQNZY0gDba0ng, 6lcRVoeg4hiy52_sj3H4HA, nJdNzQ5Z278gTCFJ4HQBLA","184, 65, 588, 218, 625, 129, 732, 67, 638, 250"
26,aAVaN6Zw6-cRm5nftmOVJQ,"2vOHS-_p5ylEf0BGR1dO9w, gtx0OZnN98YXAASyMzv3hw, 563C7-HcjhZwZSl4fK-mfQ, hJNjKc4sKgWG__KitlJ1ag, FMoKoSHgitwnt_iMWm31nQ, se9MhDAQjACYMO3LCIfT1Q, adI5BlJCtvWq2uAwmyndXA, vL44Ky9VxUtOgteyHasRIA, ZOyBVpeSQ7sYDeZa_v0MFw, z-3ZDmVbHZjDrYZE42yKZA","159, 609, 184, 732, 218, 625, 482, 787, 448, 134"
27,rDacT7_YW2-geunGcmgeEw,"FMoKoSHgitwnt_iMWm31nQ, S1eha-aT5c7WMk7lDLsW0A, xbCNlp2vWixy2W1WsfGv8g, 3UqJKEDIh7o0aTtVUo187Q, 563C7-HcjhZwZSl4fK-mfQ, E7s0QreUJ2H9r0Ls1yDeiQ, aIs7Tt3pw6ymj3FOPPR4Ng, 9RKjjuTQYkYpGmCtfVsTZQ, voaZjLwStQEq9-wj7hFYBQ, 0SBDr7GJAFzKECE7IIWfJA","218, 515, 252, 521, 184, 65, 26, 706, 800, 785"
28,TrSM8ON_YdVASOJmMbwnGA,"gqsU03i-WiyYHcBCdwObuQ, adI5BlJCtvWq2uAwmyndXA, se9MhDAQjACYMO3LCIfT1Q, o9KcGDv2Lkbtit7mxZs8qA, 563C7-HcjhZwZSl4fK-mfQ, nJdNzQ5Z278gTCFJ4HQBLA, 36jGZp7V0jLnPCYmRipUCg, KtUuxN2gZXeC7WpJ_w9hNg, sH-11zOhWubXobEeuMo2gg, LUhVj-r2TtmFx6cyF9ilJg","245, 482, 625, 554, 184, 250, 790, 866, 867, 80"
29,asf3NiIfdlbiCUUwCO4iWg,"csbBCysrsifg8N10c0eHCA, _TqUO2XaxLQ9i_z3RM8puQ, xbCNlp2vWixy2W1WsfGv8g, KMlY-L1oAL3qMQnwQCJPhQ, qesu3mk5yHeak9CUO4gRdQ, cgEzHZQKhi2anXfyF75MQw, 6MR9GZjWjLAS3s39YdDXKw, 3hjLxqqEfnBhwL6ecave_g, B9gUwTS1_Yzj2vajjC7Vmg, BmrVL3Aj5usPfpu5DE1iCg","733, 875, 252, 61, 583, 504, 105, 232, 510, 616"
30,mJJj_SZff6MEWG5Vx1r8Bg,"563C7-HcjhZwZSl4fK-mfQ, se9MhDAQjACYMO3LCIfT1Q, Kcg5iMwYq5ibBuEhDXKx3Q, xjBvbDmbsA0VX-vA55SbAA, 3hjLxqqEfnBhwL6ecave_g, WUAe0FGaLRCremEDXqNV4A, vL44Ky9VxUtOgteyHasRIA, hz0ldhBHu5M4ri9M_mkOdQ, V0tRCjf95FTqVJvmxdeqbQ, qs9nL2T2guSLEudFHg71mw","184, 625, 425, 12, 232, 838, 787, 656, 343, 670"
31,DR6kA7EWIiGIEMuXASJL2w,"366NwqHwhOic5pBN1DjmDQ, 563C7-HcjhZwZSl4fK-mfQ, zc_ptb03jQiXnWGwmpAk0A, Rx85NUdD6MhrgKxHr05NlQ, 6MR9GZjWjLAS3s39YdDXKw, EKEPtNKJdZxRhYoFhuG8ew, 6lcRVoeg4hiy52_sj3H4HA, z57omnqRcAODGwbwMHEIyw, ZOyBVpeSQ7sYDeZa_v0MFw, lWRbdK9YABr0auLG19FHhQ","335, 184, 547, 381, 105, 687, 638, 301, 448, 387"
32,xan14G_7IU66GtQPAA2cKw,"u9iy3hyA9HpETKi9qns__A, P_q9rwxm-O-8cQ3xiswHHg, z-3ZDmVbHZjDrYZE42yKZA, se9MhDAQjACYMO3LCIfT1Q, lWRbdK9YABr0auLG19FHhQ, 3hjLxqqEfnBhwL6ecave_g, 36jGZp7V0jLnPCYmRipUCg, 8PmbCVEjWGPouD1Tst6FsQ, 563C7-HcjhZwZSl4fK-mfQ, K8D_ltZWGvdXUaSE7bBiDw","581, 412, 134, 625, 387, 232, 790, 575, 184, 182"
33,e-jVwvMAiHTUYIRSmJKFAA,"BmrVL3Aj5usPfpu5DE1iCg, z57omnqRcAODGwbwMHEIyw, S1eha-aT5c7WMk7lDLsW0A, 366NwqHwhOic5pBN1DjmDQ, 0SBDr7GJAFzKECE7IIWfJA, cgEzHZQKhi2anXfyF75MQw, 563C7-HcjhZwZSl4fK-mfQ, xbCNlp2vWixy2W1WsfGv8g, sH-11zOhWubXobEeuMo2gg, B9gUwTS1_Yzj2vajjC7Vmg","616, 301, 515, 335, 785, 504, 184, 252, 867, 510"
34,QFQGMnOEoqii9ttB9t-RXg,"xbCNlp2vWixy2W1WsfGv8g, 563C7-HcjhZwZSl4fK-mfQ, sH-11zOhWubXobEeuMo2gg, se9MhDAQjACYMO3LCIfT1Q, 8PmbCVEjWGPouD1Tst6FsQ, xWuzWH8qYaa75REqVd9Isw, BmrVL3Aj5usPfpu5DE1iCg, vL44Ky9VxUtOgteyHasRIA, nJdNzQ5Z278gTCFJ4HQBLA, gtx0OZnN98YXAASyMzv3hw","252, 184, 867, 625, 575, 817, 616, 787, 250, 609"
35,brpOnxaRsg56LK7OverL0A,"FMoKoSHgitwnt_iMWm31nQ, 563C7-HcjhZwZSl4fK-mfQ, GS06uO84yKQpa7oezgVZgQ, gJliACNKY4rK30BTMIzwsQ, vL44Ky9VxUtOgteyHasRIA, 3hjLxqqEfnBhwL6ecave_g, aIs7Tt3pw6ymj3FOPPR4Ng, E7s0QreUJ2H9r0Ls1yDeiQ, adI5BlJCtvWq2uAwmyndXA, N8hUGYmf0jEO9eDzmYHuAw","218, 184, 572, 561, 787, 232, 26, 65, 482, 821"
36,xJKnmUxpJfzPovCTsT1kLg,"5Iin0tl6QJT_TyL1BldtyA, B9gUwTS1_Yzj2vajjC7Vmg, csbBCysrsifg8N10c0eHCA, se9MhDAQjACYMO3LCIfT1Q, lWRbdK9YABr0auLG19FHhQ, Q0fcX_1wvdmffqEPa246rg, 22nkIQ4BeSYwsyaPOczOeA, FMoKoSHgitwnt_iMWm31nQ, x5stEsLXNzS3WTy5YhdLlA, z-3ZDmVbHZjDrYZE42yKZA","125, 510, 733, 625, 387, 129, 311, 218, 685, 134"
37,dLOfp-2TAGAb78jGZPvMoA,"563C7-HcjhZwZSl4fK-mfQ, B9gUwTS1_Yzj2vajjC7Vmg, 3hjLxqqEfnBhwL6ecave_g, 6MR9GZjWjLAS3s39YdDXKw, zc_ptb03jQiXnWGwmpAk0A, b8-lt7cnQpcvHM6Qre-WZA, qeFGUu1WPvMMNn5Hno6D-Q, 8PmbCVEjWGPouD1Tst6FsQ, xWuzWH8qYaa75REqVd9Isw, EKEPtNKJdZxRhYoFhuG8ew","184, 510, 232, 105, 547, 151, 543, 575, 817, 687"
38,Q-G5vPCbC9708m9Mw3fZVA,"Q0fcX_1wvdmffqEPa246rg, AUiX65HxQqwk1yvsBcbTdQ, BmrVL3Aj5usPfpu5DE1iCg, s7TMkWF36dwwD8R3TKsJqw, 563C7-HcjhZwZSl4fK-mfQ, E7s0QreUJ2H9r0Ls1yDeiQ, aHYIubjRbTLB3o_eXkrMXA, EiYE3T3hfqcpcficZ4zJzQ, _TqUO2XaxLQ9i_z3RM8puQ, 2vOHS-_p5ylEf0BGR1dO9w","129, 368, 616, 310, 184, 65, 764, 520, 875, 159"
39,PuzhvFmuIvrCgJ_GRqyJPg,"FMoKoSHgitwnt_iMWm31nQ, xbCNlp2vWixy2W1WsfGv8g, pM4mWLjeaZJlcdUxut2lMg, 36jGZp7V0jLnPCYmRipUCg, Rx85NUdD6MhrgKxHr05NlQ, aHYIubjRbTLB3o_eXkrMXA, 366NwqHwhOic5pBN1DjmDQ, Djazk_urUgj9C6PTwg-2AA, B9gUwTS1_Yzj2vajjC7Vmg, se9MhDAQjACYMO3LCIfT1Q","218, 252, 247, 790, 381, 764, 335, 756, 510, 625"
40,uaP7yULocq3L_XXClUu67Q,"cgEzHZQKhi2anXfyF75MQw, z57omnqRcAODGwbwMHEIyw, qDPn14lenAGehkbnJaqnYg, se9MhDAQjACYMO3LCIfT1Q, nJdNzQ5Z278gTCFJ4HQBLA, _jNe_vwxiEh0G9JRZByc0w, tD1veHsKELAH3b7wKmHsaw, FMoKoSHgitwnt_iMWm31nQ, E7s0QreUJ2H9r0Ls1yDeiQ, B9gUwTS1_Yzj2vajjC7Vmg","504, 301, 263, 625, 250, 243, 231, 218, 65, 510"
41,FmbduNxDfGN7TiHrY2UewA,"vy5dhJyQ_VC1NUpPMmRUlw, vL44Ky9VxUtOgteyHasRIA, N8hUGYmf0jEO9eDzmYHuAw, pM4mWLjeaZJlcdUxut2lMg, E7s0QreUJ2H9r0Ls1yDeiQ, FMoKoSHgitwnt_iMWm31nQ, 3UqJKEDIh7o0aTtVUo187Q, APN05ziH92oIox8EMxcceg, nJdNzQ5Z278gTCFJ4HQBLA, sH-11zOhWubXobEeuMo2gg","289, 787, 821, 247, 65, 218, 521, 249, 250, 867"
42,0-wo7wKN_Rp0Xs6cBMEDJQ,"E7s0QreUJ2H9r0Ls1yDeiQ, FMoKoSHgitwnt_iMWm31nQ, 6MR9GZjWjLAS3s39YdDXKw, IWNPEvd3o6GHi60MxnPCVQ, E_scgX9Vws9adbh4i_QJnQ, xbCNlp2vWixy2W1WsfGv8g, sH-11zOhWubXobEeuMo2gg, vL44Ky9VxUtOgteyHasRIA, 36jGZp7V0jLnPCYmRipUCg, ZOyBVpeSQ7sYDeZa_v0MFw","65, 218, 105, 588, 719, 252, 867, 787, 790, 448"
43,fL35Nuk-Nde5BJfOD0W_EQ,"z57omnqRcAODGwbwMHEIyw, xbCNlp2vWixy2W1WsfGv8g, 8axxI33rUyswfRk_v3vS0A, rvOvog5Utw3VXBwiSCAl0A, 2vOHS-_p5ylEf0BGR1dO9w, E7s0QreUJ2H9r0Ls1yDeiQ, Nvi9RLcOdrJvSwcw-ziZQQ, 41vgh9z4OSJfbgOy57qh0Q, sH-11zOhWubXobEeuMo2gg, B9gUwTS1_Yzj2vajjC7Vmg","301, 252, 216, 154, 159, 65, 913, 590, 867, 510"
44,E7UTVunQLtiTnGYBlUQFDg,"nbJXmGpdCxiBnovBkBtWcA, 6MR9GZjWjLAS3s39YdDXKw, tD1veHsKELAH3b7wKmHsaw, Djazk_urUgj9C6PTwg-2AA, APN05ziH92oIox8EMxcceg, l_tk3iLmyKfBUCK-6nBbHg, xbCNlp2vWixy2W1WsfGv8g, S1eha-aT5c7WMk7lDLsW0A, 2HMvoTz_hw0noLzBWmyxcA, o9KcGDv2Lkbtit7mxZs8qA","887, 105, 231, 756, 249, 267, 252, 515, 715, 554"
45,DdaPc_xbu6or0qcTPVd1bQ,"2HMvoTz_hw0noLzBWmyxcA, LUhVj-r2TtmFx6cyF9ilJg, P_q9rwxm-O-8cQ3xiswHHg, E7s0QreUJ2H9r0Ls1yDeiQ, Q0fcX_1wvdmffqEPa246rg, YHlpp0gYBcxL_YXZepT69g, 22nkIQ4BeSYwsyaPOczOeA, ZOyBVpeSQ7sYDeZa_v0MFw, z-3ZDmVbHZjDrYZE42yKZA, 563C7-HcjhZwZSl4fK-mfQ","715, 80, 412, 65, 129, 131, 311, 448, 134, 184"
46,RmXIjppHNtVveguN10iO1g,"FMoKoSHgitwnt_iMWm31nQ, nJdNzQ5Z278gTCFJ4HQBLA, yYh6t6a_0LGLVS_MNYEHsQ, 563C7-HcjhZwZSl4fK-mfQ, K8D_ltZWGvdXUaSE7bBiDw, 9RKjjuTQYkYpGmCtfVsTZQ, l_tk3iLmyKfBUCK-6nBbHg, se9MhDAQjACYMO3LCIfT1Q, KMlY-L1oAL3qMQnwQCJPhQ, PcR-9sTQRK_UN7qO9rzDNw","218, 250, 923, 184, 182, 706, 267, 625, 61, 288"
47,-0WUJsVpizkaAYQp05giUA,"563C7-HcjhZwZSl4fK-mfQ, I1j1kEbQ5BliKsjzl5etVA, fNtFIQM_FKsHsyEIVk_KMQ, zc_ptb03jQiXnWGwmpAk0A, PcR-9sTQRK_UN7qO9rzDNw, EiYE3T3hfqcpcficZ4zJzQ, z57omnqRcAODGwbwMHEIyw, xjBvbDmbsA0VX-vA55SbAA, kHWSO8fV0Mp-M3J-w1ma7A, 8PmbCVEjWGPouD1Tst6FsQ","184, 465, 140, 547, 288, 520, 301, 12, 93, 575"
48,tXIN2tMOAiZH-lGwEaHOkg,"sH-11zOhWubXobEeuMo2gg, 3hjLxqqEfnBhwL6ecave_g, nJdNzQ5Z278gTCFJ4HQBLA, hJNjKc4sKgWG__KitlJ1ag, vL44Ky9VxUtOgteyHasRIA, aIs7Tt3pw6ymj3FOPPR4Ng, 36jGZp7V0jLnPCYmRipUCg, 9RKjjuTQYkYpGmCtfVsTZQ, vy5dhJyQ_VC1NUpPMmRUlw, hz0ldhBHu5M4ri9M_mkOdQ","867, 232, 250, 732, 787, 26, 790, 706, 289, 656"
49,6FFFFNZLeeHERUs1MatgBg,"S1eha-aT5c7WMk7lDLsW0A, lWRbdK9YABr0auLG19FHhQ, se9MhDAQjACYMO3LCIfT1Q, sH-11zOhWubXobEeuMo2gg, xbCNlp2vWixy2W1WsfGv8g, oehWJ_dAlzU9C65b7zzKbQ, PiT0jyLL2Jwm2ODTDapOcg, nJdNzQ5Z278gTCFJ4HQBLA, W-kOZ946xRWBJZvxXhJ7DA, s7TMkWF36dwwD8R3TKsJqw","515, 387, 625, 867, 252, 727, 860, 250, 97, 310"
50,mptGtDdTKaoKPxYY2puS5Q,"563C7-HcjhZwZSl4fK-mfQ, E7s0QreUJ2H9r0Ls1yDeiQ, 6MR9GZjWjLAS3s39YdDXKw, wXob57ntnAnzSEWnt9syEQ, te-QMdSMQdjws6NnRexjJQ, s7TMkWF36dwwD8R3TKsJqw, 0SBDr7GJAFzKECE7IIWfJA, BmrVL3Aj5usPfpu5DE1iCg, tuucCa40AmTMUEVNerGe9w, xbCNlp2vWixy2W1WsfGv8g","184, 65, 105, 90, 490, 310, 785, 616, 220, 252"
51,l_n89Nfn1BSJENwHy9nt-A,"z-3ZDmVbHZjDrYZE42yKZA, se9MhDAQjACYMO3LCIfT1Q, nJdNzQ5Z278gTCFJ4HQBLA, jXigX_-U5IZst165QXWExg, z57omnqRcAODGwbwMHEIyw, XarxHcmxyjvhzoROMTLyMg, XahLCgicRsLPb0TSMAIQtw, xjBvbDmbsA0VX-vA55SbAA, u9iy3hyA9HpETKi9qns__A, P_q9rwxm-O-8cQ3xiswHHg","134, 625, 250, 21, 301, 795, 534, 12, 581, 412"
52,ixBoXpBL1JmKmcP1F2fTHA,"S1eha-aT5c7WMk7lDLsW0A, P_q9rwxm-O-8cQ3xiswHHg, 6MR9GZjWjLAS3s39YdDXKw, 563C7-HcjhZwZSl4fK-mfQ, xjBvbDmbsA0VX-vA55SbAA, x1bjSvpIJTN1KBFhUjOU_g, lWRbdK9YABr0auLG19FHhQ, PiT0jyLL2Jwm2ODTDapOcg, 8axxI33rUyswfRk_v3vS0A, xWuzWH8qYaa75REqVd9Isw","515, 412, 105, 184, 12, 424, 387, 860, 216, 817"
53,lh1QIr8Bp8WOI1ws1tPZWA,"zc_ptb03jQiXnWGwmpAk0A, z57omnqRcAODGwbwMHEIyw, zK_6fn5ZLSkW7OhRD30IBw, 6MR9GZjWjLAS3s39YdDXKw, 563C7-HcjhZwZSl4fK-mfQ, N8hUGYmf0jEO9eDzmYHuAw, N1BTJaWnLsCVsJ3I41EPdg, 366NwqHwhOic5pBN1DjmDQ, gtx0OZnN98YXAASyMzv3hw, EiYE3T3hfqcpcficZ4zJzQ","547, 301, 174, 105, 184, 821, 508, 335, 609, 520"
54,3HsiYKmrVW2nMDwHMpsrzQ,"FMoKoSHgitwnt_iMWm31nQ, 563C7-HcjhZwZSl4fK-mfQ, 366NwqHwhOic5pBN1DjmDQ, s7TMkWF36dwwD8R3TKsJqw, 36jGZp7V0jLnPCYmRipUCg, L4ivYHVCDpIE0SrPaCn0LA, se9MhDAQjACYMO3LCIfT1Q, aIs7Tt3pw6ymj3FOPPR4Ng, z57omnqRcAODGwbwMHEIyw, 5Iin0tl6QJT_TyL1BldtyA","218, 184, 335, 310, 790, 81, 625, 26, 301, 125"
55,OdUSlS-S6qfZFnDUCKzwEg,"P_q9rwxm-O-8cQ3xiswHHg, Kcg5iMwYq5ibBuEhDXKx3Q, S1eha-aT5c7WMk7lDLsW0A, hz0ldhBHu5M4ri9M_mkOdQ, 563C7-HcjhZwZSl4fK-mfQ, hJNjKc4sKgWG__KitlJ1ag, qs9nL2T2guSLEudFHg71mw, xjBvbDmbsA0VX-vA55SbAA, lWRbdK9YABr0auLG19FHhQ, V0tRCjf95FTqVJvmxdeqbQ","412, 425, 515, 656, 184, 732, 670, 12, 387, 343"
56,KcfGrudzTcML2md1gwP53g,"563C7-HcjhZwZSl4fK-mfQ, Sqwa2aNwnqCmc95gVWQ9bA, hz0ldhBHu5M4ri9M_mkOdQ, V0tRCjf95FTqVJvmxdeqbQ, l_tk3iLmyKfBUCK-6nBbHg, 3hjLxqqEfnBhwL6ecave_g, S1eha-aT5c7WMk7lDLsW0A, z-3ZDmVbHZjDrYZE42yKZA, xWuzWH8qYaa75REqVd9Isw, nJdNzQ5Z278gTCFJ4HQBLA","184, 130, 656, 343, 267, 232, 515, 134, 817, 250"
57,w6T9G6r1QtPRoOYrFVEM1w,"nJdNzQ5Z278gTCFJ4HQBLA, 563C7-HcjhZwZSl4fK-mfQ, EKEPtNKJdZxRhYoFhuG8ew, L4ivYHVCDpIE0SrPaCn0LA, Q0fcX_1wvdmffqEPa246rg, z57omnqRcAODGwbwMHEIyw, xWuzWH8qYaa75REqVd9Isw, K8D_ltZWGvdXUaSE7bBiDw, JOqWln_EB_f6RUSTxl04dQ, xOZ7bkrttSIGS4NZm49w5Q","250, 184, 687, 81, 129, 301, 817, 182, 160, 213"
58,-ZM78Lp6guNOiE6yJNAJHw,"adI5BlJCtvWq2uAwmyndXA, hJNjKc4sKgWG__KitlJ1ag, vL44Ky9VxUtOgteyHasRIA, ZOyBVpeSQ7sYDeZa_v0MFw, u9iy3hyA9HpETKi9qns__A, P_q9rwxm-O-8cQ3xiswHHg, 8PmbCVEjWGPouD1Tst6FsQ, z-3ZDmVbHZjDrYZE42yKZA, EIZnpMr9ccgutaGzGjzZ9g, VecnSuJm8sD83LWJ_KqAtg","482, 732, 787, 448, 581, 412, 575, 134, 370, 509"
59,L3kgTysYuNKMtGPBZiP_bA,"S1eha-aT5c7WMk7lDLsW0A, 563C7-HcjhZwZSl4fK-mfQ, se9MhDAQjACYMO3LCIfT1Q, xWuzWH8qYaa75REqVd9Isw, hJNjKc4sKgWG__KitlJ1ag, 47Uu-2MceSRFmohdzCOvGQ, P_q9rwxm-O-8cQ3xiswHHg, 3UqJKEDIh7o0aTtVUo187Q, xjBvbDmbsA0VX-vA55SbAA, aIs7Tt3pw6ymj3FOPPR4Ng","515, 184, 625, 817, 732, 481, 412, 521, 12, 26"
60,6S6sZMLuy_StHVs2lqpUUw,"sH-11zOhWubXobEeuMo2gg, PcR-9sTQRK_UN7qO9rzDNw, QMySP-qHdwQNZY0gDba0ng, B9gUwTS1_Yzj2vajjC7Vmg, nJdNzQ5Z278gTCFJ4HQBLA, J_KI8rJa_dSwTglUbwFcdw, Q0fcX_1wvdmffqEPa246rg, _jNe_vwxiEh0G9JRZByc0w, gqsU03i-WiyYHcBCdwObuQ, lWRbdK9YABr0auLG19FHhQ","867, 288, 67, 510, 250, 627, 129, 243, 245, 387"
61,WW3uGfrqB4tTDlQMKCiDbA,"Kcg5iMwYq5ibBuEhDXKx3Q, AUiX65HxQqwk1yvsBcbTdQ, XarxHcmxyjvhzoROMTLyMg, Q0fcX_1wvdmffqEPa246rg, xbCNlp2vWixy2W1WsfGv8g, AEVNOYRr8ZsG1bj3NuEKgA, 0SBDr7GJAFzKECE7IIWfJA, hz0ldhBHu5M4ri9M_mkOdQ, 563C7-HcjhZwZSl4fK-mfQ, zc_ptb03jQiXnWGwmpAk0A","425, 368, 795, 129, 252, 253, 785, 656, 184, 547"
62,mJM9uvrQ0q1nrSn1xRbHQQ,"_jNe_vwxiEh0G9JRZByc0w, 563C7-HcjhZwZSl4fK-mfQ, QMySP-qHdwQNZY0gDba0ng, V8vKFvdrvhTrQrt-rxKrPA, hz0ldhBHu5M4ri9M_mkOdQ, 2vOHS-_p5ylEf0BGR1dO9w, qesu3mk5yHeak9CUO4gRdQ, EKEPtNKJdZxRhYoFhuG8ew, fbZKVUec4oNGmPRXzWGpxQ, E7s0QreUJ2H9r0Ls1yDeiQ","243, 184, 67, 294, 656, 159, 583, 687, 145, 65"
63,cDR_WMmV9dp2LwW-w_KmUA,"vL44Ky9VxUtOgteyHasRIA, Kcg5iMwYq5ibBuEhDXKx3Q, 563C7-HcjhZwZSl4fK-mfQ, z57omnqRcAODGwbwMHEIyw, voaZjLwStQEq9-wj7hFYBQ, WUAe0FGaLRCremEDXqNV4A, xbCNlp2vWixy2W1WsfGv8g, z-3ZDmVbHZjDrYZE42yKZA, 3UqJKEDIh7o0aTtVUo187Q, hJNjKc4sKgWG__KitlJ1ag","787, 425, 184, 301, 800, 838, 252, 134, 521, 732"
64,qFOy-T6HU4WxS5t_34IBaQ,"xbCNlp2vWixy2W1WsfGv8g, _TqUO2XaxLQ9i_z3RM8puQ, J_KI8rJa_dSwTglUbwFcdw, B9gUwTS1_Yzj2vajjC7Vmg, rvOvog5Utw3VXBwiSCAl0A, QMySP-qHdwQNZY0gDba0ng, S1eha-aT5c7WMk7lDLsW0A, aIs7Tt3pw6ymj3FOPPR4Ng, Q0fcX_1wvdmffqEPa246rg, cgEzHZQKhi2anXfyF75MQw","252, 875, 627, 510, 154, 67, 515, 26, 129, 504"
65,JUc49GPNufVHhPl2BIoAAw,"xjBvbDmbsA0VX-vA55SbAA, EiYE3T3hfqcpcficZ4zJzQ, pM4mWLjeaZJlcdUxut2lMg, V8vKFvdrvhTrQrt-rxKrPA, _jNe_vwxiEh0G9JRZByc0w, JZP7RcfLGZqp5StR4-JPXw, _TqUO2XaxLQ9i_z3RM8puQ, Q1XCsLlyXZJU0ZjuVCcM4A, oAsjdHwXgKtK-NU_JEYuPg, zc_ptb03jQiXnWGwmpAk0A","12, 520, 247, 294, 243, 750, 875, 876, 591, 547"
66,2C7OiKoA9Tqkt76siBbRYA,"FMoKoSHgitwnt_iMWm31nQ, 563C7-HcjhZwZSl4fK-mfQ, nbJXmGpdCxiBnovBkBtWcA, QMySP-qHdwQNZY0gDba0ng, 2vOHS-_p5ylEf0BGR1dO9w, hJNjKc4sKgWG__KitlJ1ag, z57omnqRcAODGwbwMHEIyw, Q0fcX_1wvdmffqEPa246rg, N1BTJaWnLsCVsJ3I41EPdg, NW3KM7K7ywzEfqk3OR4tAQ","218, 184, 887, 67, 159, 732, 301, 129, 508, 717"
67,r45-ZWkRzYk8_FnN4Wgnfw,"BmrVL3Aj5usPfpu5DE1iCg, adI5BlJCtvWq2uAwmyndXA, I1j1kEbQ5BliKsjzl5etVA, z57omnqRcAODGwbwMHEIyw, xjBvbDmbsA0VX-vA55SbAA, E7s0QreUJ2H9r0Ls1yDeiQ, Kcg5iMwYq5ibBuEhDXKx3Q, se9MhDAQjACYMO3LCIfT1Q, J_KI8rJa_dSwTglUbwFcdw, S1eha-aT5c7WMk7lDLsW0A","616, 482, 465, 301, 12, 65, 425, 625, 627, 515"
68,-zhW9UyMKOMuuydi17x7Ag,"cgEzHZQKhi2anXfyF75MQw, yYh6t6a_0LGLVS_MNYEHsQ, sH-11zOhWubXobEeuMo2gg, FMoKoSHgitwnt_iMWm31nQ, MuVIpRAEkNfRnmhsPTdl3A, xOZ7bkrttSIGS4NZm49w5Q, Kcg5iMwYq5ibBuEhDXKx3Q, nJdNzQ5Z278gTCFJ4HQBLA, xWuzWH8qYaa75REqVd9Isw, oAsjdHwXgKtK-NU_JEYuPg","504, 923, 867, 218, 773, 213, 425, 250, 817, 591"
69,tI5jVZ1CGZr2tLt1cwGZ5g,"tD1veHsKELAH3b7wKmHsaw, Kcg5iMwYq5ibBuEhDXKx3Q, Q0fcX_1wvdmffqEPa246rg, 0SBDr7GJAFzKECE7IIWfJA, yYh6t6a_0LGLVS_MNYEHsQ, 563C7-HcjhZwZSl4fK-mfQ, nJdNzQ5Z278gTCFJ4HQBLA, BmrVL3Aj5usPfpu5DE1iCg, xOZ7bkrttSIGS4NZm49w5Q, xWuzWH8qYaa75REqVd9Isw","231, 425, 129, 785, 923, 184, 250, 616, 213, 817"
70,1otkilxTrHF6Z1vdrrlZrQ,"E7s0QreUJ2H9r0Ls1yDeiQ, 5Iin0tl6QJT_TyL1BldtyA, se9MhDAQjACYMO3LCIfT1Q, Q0fcX_1wvdmffqEPa246rg, nJdNzQ5Z278gTCFJ4HQBLA, cgEzHZQKhi2anXfyF75MQw, GS06uO84yKQpa7oezgVZgQ, B9gUwTS1_Yzj2vajjC7Vmg, Kcg5iMwYq5ibBuEhDXKx3Q, qesu3mk5yHeak9CUO4gRdQ","65, 125, 625, 129, 250, 504, 572, 510, 425, 583"
71,sJ-LZrznwzO49Syt_cI7Sg,"xbCNlp2vWixy2W1WsfGv8g, te-QMdSMQdjws6NnRexjJQ, xWuzWH8qYaa75REqVd9Isw, BmrVL3Aj5usPfpu5DE1iCg, cgEzHZQKhi2anXfyF75MQw, vL44Ky9VxUtOgteyHasRIA, aHYIubjRbTLB3o_eXkrMXA, Q0fcX_1wvdmffqEPa246rg, hJNjKc4sKgWG__KitlJ1ag, FMoKoSHgitwnt_iMWm31nQ","252, 490, 817, 616, 504, 787, 764, 129, 732, 218"
72,QyP254XCNlI7DvPsze5LQw,"Kcg5iMwYq5ibBuEhDXKx3Q, S1eha-aT5c7WMk7lDLsW0A, EKEPtNKJdZxRhYoFhuG8ew, GS06uO84yKQpa7oezgVZgQ, nJdNzQ5Z278gTCFJ4HQBLA, V0tRCjf95FTqVJvmxdeqbQ, qmcIsZjLpxd0V4RekSozmA, xjBvbDmbsA0VX-vA55SbAA, W1VounAhhqML6g5eXCrJ5Q, _jNe_vwxiEh0G9JRZByc0w","425, 515, 687, 572, 250, 343, 432, 12, 122, 243"
73,hpCpVb1Ty9LoYQ0-gzRDDw,"L4ivYHVCDpIE0SrPaCn0LA, 3UqJKEDIh7o0aTtVUo187Q, 563C7-HcjhZwZSl4fK-mfQ, 2vOHS-_p5ylEf0BGR1dO9w, LUhVj-r2TtmFx6cyF9ilJg, cgEzHZQKhi2anXfyF75MQw, xOZ7bkrttSIGS4NZm49w5Q, FMoKoSHgitwnt_iMWm31nQ, z-3ZDmVbHZjDrYZE42yKZA, E7s0QreUJ2H9r0Ls1yDeiQ","81, 521, 184, 159, 80, 504, 213, 218, 134, 65"
74,-TJhZseJMYZjOab0wMOnAQ,"563C7-HcjhZwZSl4fK-mfQ, se9MhDAQjACYMO3LCIfT1Q, J_KI8rJa_dSwTglUbwFcdw, _TqUO2XaxLQ9i_z3RM8puQ, cgEzHZQKhi2anXfyF75MQw, z57omnqRcAODGwbwMHEIyw, xOZ7bkrttSIGS4NZm49w5Q, xWuzWH8qYaa75REqVd9Isw, AUiX65HxQqwk1yvsBcbTdQ, 36jGZp7V0jLnPCYmRipUCg","184, 625, 627, 875, 504, 301, 213, 817, 368, 790"
75,hIZiWElzEfM4Jh_xkrDVpg,"z57omnqRcAODGwbwMHEIyw, Vtahv3Af90H3fUuEEhPhdQ, cgEzHZQKhi2anXfyF75MQw, nJdNzQ5Z278gTCFJ4HQBLA, 36jGZp7V0jLnPCYmRipUCg, SD3ZyFR5ZjFneWpYhT6tLg, sIZm6SbTVueFfswzo-a0hg, adI5BlJCtvWq2uAwmyndXA, 366NwqHwhOic5pBN1DjmDQ, 563C7-HcjhZwZSl4fK-mfQ","301, 138, 504, 250, 790, 169, 777, 482, 335, 184"
76,ZYZNcugF3xUEGyLOVGiZ0Q,"xWuzWH8qYaa75REqVd9Isw, 563C7-HcjhZwZSl4fK-mfQ, FMoKoSHgitwnt_iMWm31nQ, xOZ7bkrttSIGS4NZm49w5Q, nJdNzQ5Z278gTCFJ4HQBLA, wNy3CnWWAnTCfDYsZTSUPw, MuVIpRAEkNfRnmhsPTdl3A, Q0fcX_1wvdmffqEPa246rg, BmrVL3Aj5usPfpu5DE1iCg, s7TMkWF36dwwD8R3TKsJqw","817, 184, 218, 213, 250, 431, 773, 129, 616, 310"
77,Oj8RHeu2_I9hMmme8IbU4A,"563C7-HcjhZwZSl4fK-mfQ, W-kOZ946xRWBJZvxXhJ7DA, PiT0jyLL2Jwm2ODTDapOcg, w1EOOZw77b3jwu_0wwTecA, 2vOHS-_p5ylEf0BGR1dO9w, vL44Ky9VxUtOgteyHasRIA, 36jGZp7V0jLnPCYmRipUCg, XahLCgicRsLPb0TSMAIQtw, Kcg5iMwYq5ibBuEhDXKx3Q, z-3ZDmVbHZjDrYZE42yKZA","184, 97, 860, 679, 159, 787, 790, 534, 425, 134"
78,nBwONfmYwAK-wpw-1SKxYA,"Rx85NUdD6MhrgKxHr05NlQ, QMySP-qHdwQNZY0gDba0ng, e8ohWYW8rbOZWZ4pojU4zQ, sH-11zOhWubXobEeuMo2gg, 22nkIQ4BeSYwsyaPOczOeA, 563C7-HcjhZwZSl4fK-mfQ, BmrVL3Aj5usPfpu5DE1iCg, x5stEsLXNzS3WTy5YhdLlA, W-kOZ946xRWBJZvxXhJ7DA, Vtahv3Af90H3fUuEEhPhdQ","381, 67, 438, 867, 311, 184, 616, 685, 97, 138"
79,DWxUS4lNikQQgD3GaiHf8Q,"AUiX65HxQqwk1yvsBcbTdQ, ZOyBVpeSQ7sYDeZa_v0MFw, qeFGUu1WPvMMNn5Hno6D-Q, 2aiaryk7kgUBhXhVu-9vHg, Kcg5iMwYq5ibBuEhDXKx3Q, PcR-9sTQRK_UN7qO9rzDNw, APN05ziH92oIox8EMxcceg, TIfa9dGciBc4J6OeUfsueA, wXob57ntnAnzSEWnt9syEQ, sH-11zOhWubXobEeuMo2gg","368, 448, 543, 789, 425, 288, 249, 752, 90, 867"
80,dq27itUgsOV9ObbtpBRezQ,"I1j1kEbQ5BliKsjzl5etVA, Z-9ZLg77FXTQCMqp1gGsrQ, nJdNzQ5Z278gTCFJ4HQBLA, voaZjLwStQEq9-wj7hFYBQ, GS06uO84yKQpa7oezgVZgQ, 0HyuO5rOKeaa08TFzjIJIA, E7s0QreUJ2H9r0Ls1yDeiQ, 5Iin0tl6QJT_TyL1BldtyA, Q0fcX_1wvdmffqEPa246rg, Rx85NUdD6MhrgKxHr05NlQ","465, 692, 250, 800, 572, 16, 65, 125, 129, 381"
81,lOZKlSyQa-jSv4HZ66okGg,"E7s0QreUJ2H9r0Ls1yDeiQ, LUhVj-r2TtmFx6cyF9ilJg, hJNjKc4sKgWG__KitlJ1ag, Kcg5iMwYq5ibBuEhDXKx3Q, u9iy3hyA9HpETKi9qns__A, nJdNzQ5Z278gTCFJ4HQBLA, QMySP-qHdwQNZY0gDba0ng, 8PmbCVEjWGPouD1Tst6FsQ, 3hjLxqqEfnBhwL6ecave_g, PiT0jyLL2Jwm2ODTDapOcg","65, 80, 732, 425, 581, 250, 67, 575, 232, 860"
82,F0nFAY1Qi_7it_Q52n3nTw,"36jGZp7V0jLnPCYmRipUCg, S1eha-aT5c7WMk7lDLsW0A, 8Haoz9Mil7ZnHGU48sgBtw, hJNjKc4sKgWG__KitlJ1ag, 8axxI33rUyswfRk_v3vS0A, _TqUO2XaxLQ9i_z3RM8puQ, 563C7-HcjhZwZSl4fK-mfQ, lWRbdK9YABr0auLG19FHhQ, x1bjSvpIJTN1KBFhUjOU_g, z57omnqRcAODGwbwMHEIyw","790, 515, 755, 732, 216, 875, 184, 387, 424, 301"
83,ZD3_a2-bcugIQfh_0rWqIQ,"8PmbCVEjWGPouD1Tst6FsQ, LUhVj-r2TtmFx6cyF9ilJg, vy5dhJyQ_VC1NUpPMmRUlw, zK_6fn5ZLSkW7OhRD30IBw, xOZ7bkrttSIGS4NZm49w5Q, P_q9rwxm-O-8cQ3xiswHHg, PiT0jyLL2Jwm2ODTDapOcg, XarxHcmxyjvhzoROMTLyMg, S1eha-aT5c7WMk7lDLsW0A, 563C7-HcjhZwZSl4fK-mfQ","575, 80, 289, 174, 213, 412, 860, 795, 515, 184"
84,4FxADcoBgm_8xqTyfmTIug,"ZOyBVpeSQ7sYDeZa_v0MFw, cgEzHZQKhi2anXfyF75MQw, hJNjKc4sKgWG__KitlJ1ag, nbF7bEjx_4lQJ3t6aVqFjA, vL44Ky9VxUtOgteyHasRIA, u9iy3hyA9HpETKi9qns__A, xbCNlp2vWixy2W1WsfGv8g, adI5BlJCtvWq2uAwmyndXA, bMEZKjo5LTZS3Hk7zGKflQ, S1eha-aT5c7WMk7lDLsW0A","448, 504, 732, 645, 787, 581, 252, 482, 437, 515"
85,l0-VQ8nA_oijpKlRB7dkow,"563C7-HcjhZwZSl4fK-mfQ, 6MR9GZjWjLAS3s39YdDXKw, xWuzWH8qYaa75REqVd9Isw, se9MhDAQjACYMO3LCIfT1Q, K8D_ltZWGvdXUaSE7bBiDw, hJNjKc4sKgWG__KitlJ1ag, nJdNzQ5Z278gTCFJ4HQBLA, Q0fcX_1wvdmffqEPa246rg, 6rGYvMWoH6KvbF-oQzOWIQ, xbCNlp2vWixy2W1WsfGv8g","184, 105, 817, 625, 182, 732, 250, 129, 121, 252"
86,8kWbwEqdgDjSogg56e6PnA,"z-3ZDmVbHZjDrYZE42yKZA, xjBvbDmbsA0VX-vA55SbAA, V8vKFvdrvhTrQrt-rxKrPA, WUAe0FGaLRCremEDXqNV4A, xWuzWH8qYaa75REqVd9Isw, hz0ldhBHu5M4ri9M_mkOdQ, 563C7-HcjhZwZSl4fK-mfQ, S1eha-aT5c7WMk7lDLsW0A, 6MR9GZjWjLAS3s39YdDXKw, V0tRCjf95FTqVJvmxdeqbQ","134, 12, 294, 838, 817, 656, 184, 515, 105, 343"
87,XKEaZzncxtx4BovE2eOAdw,"z57omnqRcAODGwbwMHEIyw, B9gUwTS1_Yzj2vajjC7Vmg, N8hUGYmf0jEO9eDzmYHuAw, _jNe_vwxiEh0G9JRZByc0w, utYpyFOjNisHl1h7lDGSGA, qesu3mk5yHeak9CUO4gRdQ, zc_ptb03jQiXnWGwmpAk0A, gJliACNKY4rK30BTMIzwsQ, vL44Ky9VxUtOgteyHasRIA, 366NwqHwhOic5pBN1DjmDQ","301, 510, 821, 243, 460, 583, 547, 561, 787, 335"
88,-0MQ4webH2uc1ZAsGsNENg,"563C7-HcjhZwZSl4fK-mfQ, AUiX65HxQqwk1yvsBcbTdQ, 366NwqHwhOic5pBN1DjmDQ, 6MR9GZjWjLAS3s39YdDXKw, xbCNlp2vWixy2W1WsfGv8g, Q0fcX_1wvdmffqEPa246rg, sH-11zOhWubXobEeuMo2gg, _jNe_vwxiEh0G9JRZByc0w, 85Y24Itl548cCCVV2d8HxQ, z57omnqRcAODGwbwMHEIyw","184, 368, 335, 105, 252, 129, 867, 243, 369, 301"
89,omLRfZKggXtjRWN_VXf7Fg,"563C7-HcjhZwZSl4fK-mfQ, xWuzWH8qYaa75REqVd9Isw, EiYE3T3hfqcpcficZ4zJzQ, 8axxI33rUyswfRk_v3vS0A, Kcg5iMwYq5ibBuEhDXKx3Q, 2vOHS-_p5ylEf0BGR1dO9w, nJdNzQ5Z278gTCFJ4HQBLA, FMoKoSHgitwnt_iMWm31nQ, cgEzHZQKhi2anXfyF75MQw, qeFGUu1WPvMMNn5Hno6D-Q","184, 817, 520, 216, 425, 159, 250, 218, 504, 543"
90,rzB7X6rJckrK4kzSA3Dqng,"qeFGUu1WPvMMNn5Hno6D-Q, xWuzWH8qYaa75REqVd9Isw, YST4gp2ecFtyUpRAFNZ_HQ, 36jGZp7V0jLnPCYmRipUCg, N1BTJaWnLsCVsJ3I41EPdg, se9MhDAQjACYMO3LCIfT1Q, J_KI8rJa_dSwTglUbwFcdw, Q0fcX_1wvdmffqEPa246rg, FMoKoSHgitwnt_iMWm31nQ, kHWSO8fV0Mp-M3J-w1ma7A","543, 817, 345, 790, 508, 625, 627, 129, 218, 93"
91,aDct2Z6b3vHuX5ra35uALA,"366NwqHwhOic5pBN1DjmDQ, ZOyBVpeSQ7sYDeZa_v0MFw, 7Oi6eT_-h_9JlMqRsEdt3A, E8PkjCmDnDE7_2rYf38lRA, 2vOHS-_p5ylEf0BGR1dO9w, z57omnqRcAODGwbwMHEIyw, 6MR9GZjWjLAS3s39YdDXKw, 563C7-HcjhZwZSl4fK-mfQ, xbCNlp2vWixy2W1WsfGv8g, EKEPtNKJdZxRhYoFhuG8ew","335, 448, 598, 400, 159, 301, 105, 184, 252, 687"
92,t8aJIHxkutRlWMRNSvpq6w,"_TqUO2XaxLQ9i_z3RM8puQ, AUiX65HxQqwk1yvsBcbTdQ, se9MhDAQjACYMO3LCIfT1Q, 563C7-HcjhZwZSl4fK-mfQ, R79Hir871EF-kRLIBPy9qg, 0SBDr7GJAFzKECE7IIWfJA, FMoKoSHgitwnt_iMWm31nQ, xOZ7bkrttSIGS4NZm49w5Q, 8PmbCVEjWGPouD1Tst6FsQ, qeFGUu1WPvMMNn5Hno6D-Q","875, 368, 625, 184, 698, 785, 218, 213, 575, 543"
93,x_Frpa8QWc25FDJ5BJM8tg,"se9MhDAQjACYMO3LCIfT1Q, APN05ziH92oIox8EMxcceg, xbCNlp2vWixy2W1WsfGv8g, xWuzWH8qYaa75REqVd9Isw, Q0fcX_1wvdmffqEPa246rg, K8D_ltZWGvdXUaSE7bBiDw, qeFGUu1WPvMMNn5Hno6D-Q, 563C7-HcjhZwZSl4fK-mfQ, GbRN507iOJ6JOU-dixk-PQ, gqsU03i-WiyYHcBCdwObuQ","625, 249, 252, 817, 129, 182, 543, 184, 606, 245"
94,BhYROfCjIJsKUk22_IVHig,"563C7-HcjhZwZSl4fK-mfQ, Kcg5iMwYq5ibBuEhDXKx3Q, 47Uu-2MceSRFmohdzCOvGQ, xbCNlp2vWixy2W1WsfGv8g, Sqwa2aNwnqCmc95gVWQ9bA, adI5BlJCtvWq2uAwmyndXA, 5Iin0tl6QJT_TyL1BldtyA, se9MhDAQjACYMO3LCIfT1Q, z-3ZDmVbHZjDrYZE42yKZA, QMySP-qHdwQNZY0gDba0ng","184, 425, 481, 252, 130, 482, 125, 625, 134, 67"
95,CD-cuKfj2wybw2DDQbp5Wg,"xOZ7bkrttSIGS4NZm49w5Q, 563C7-HcjhZwZSl4fK-mfQ, _TqUO2XaxLQ9i_z3RM8puQ, wNy3CnWWAnTCfDYsZTSUPw, PiT0jyLL2Jwm2ODTDapOcg, ZOyBVpeSQ7sYDeZa_v0MFw, 3hjLxqqEfnBhwL6ecave_g, Q0fcX_1wvdmffqEPa246rg, 8axxI33rUyswfRk_v3vS0A, adI5BlJCtvWq2uAwmyndXA","213, 184, 875, 431, 860, 448, 232, 129, 216, 482"
96,Q7fH0eiQbLyI8MDTLHU4aw,"6MR9GZjWjLAS3s39YdDXKw, BTl6GE8YLimhTnjGQhGxmg, cgEzHZQKhi2anXfyF75MQw, utYpyFOjNisHl1h7lDGSGA, 366NwqHwhOic5pBN1DjmDQ, EIZnpMr9ccgutaGzGjzZ9g, AUiX65HxQqwk1yvsBcbTdQ, xjBvbDmbsA0VX-vA55SbAA, qDPn14lenAGehkbnJaqnYg, XarxHcmxyjvhzoROMTLyMg","105, 535, 504, 460, 335, 370, 368, 12, 263, 795"
97,J7Hl7OCQcFjmUerZhcwxOw,"hz0ldhBHu5M4ri9M_mkOdQ, s7TMkWF36dwwD8R3TKsJqw, 563C7-HcjhZwZSl4fK-mfQ, z57omnqRcAODGwbwMHEIyw, cgEzHZQKhi2anXfyF75MQw, I1j1kEbQ5BliKsjzl5etVA, V8vKFvdrvhTrQrt-rxKrPA, se9MhDAQjACYMO3LCIfT1Q, qeFGUu1WPvMMNn5Hno6D-Q, b8-lt7cnQpcvHM6Qre-WZA","656, 310, 184, 301, 504, 465, 294, 625, 543, 151"
98,zjj6fK65LRB4WNlE8Qt3lg,"563C7-HcjhZwZSl4fK-mfQ, FMoKoSHgitwnt_iMWm31nQ, 6MR9GZjWjLAS3s39YdDXKw, F3xksTtZUfanOcLQqJn0eQ, Q0fcX_1wvdmffqEPa246rg, adI5BlJCtvWq2uAwmyndXA, E7s0QreUJ2H9r0Ls1yDeiQ, aHYIubjRbTLB3o_eXkrMXA, x5stEsLXNzS3WTy5YhdLlA, 2vOHS-_p5ylEf0BGR1dO9w","184, 218, 105, 405, 129, 482, 65, 764, 685, 159"
99,W1vp1LjV8rkCOIYFCAACdg,"B9gUwTS1_Yzj2vajjC7Vmg, PiT0jyLL2Jwm2ODTDapOcg, sH-11zOhWubXobEeuMo2gg, S1eha-aT5c7WMk7lDLsW0A, V8vKFvdrvhTrQrt-rxKrPA, cBHMUESPj4SNs65Xv6xWRA, vL44Ky9VxUtOgteyHasRIA, 2HMvoTz_hw0noLzBWmyxcA, Q0fcX_1wvdmffqEPa246rg, xbCNlp2vWixy2W1WsfGv8g","510, 860, 867, 515, 294, 304, 787, 715, 129, 252"
100,c17s5z5V4_ppX4w6TZdFDg,"vL44Ky9VxUtOgteyHasRIA, F3xksTtZUfanOcLQqJn0eQ, Vtahv3Af90H3fUuEEhPhdQ, hJNjKc4sKgWG__KitlJ1ag, E_scgX9Vws9adbh4i_QJnQ, vy5dhJyQ_VC1NUpPMmRUlw, 3hjLxqqEfnBhwL6ecave_g, yF_fqO9cUUEyaIWhb-iOQQ, APN05ziH92oIox8EMxcceg, 8Haoz9Mil7ZnHGU48sgBtw","787, 405, 138, 732, 719, 289, 232, 344, 249, 755"
101,cqecqnFK2eu88VtKJLHpiA,"3hjLxqqEfnBhwL6ecave_g, S1eha-aT5c7WMk7lDLsW0A, 563C7-HcjhZwZSl4fK-mfQ, vL44Ky9VxUtOgteyHasRIA, E7s0QreUJ2H9r0Ls1yDeiQ, KMlY-L1oAL3qMQnwQCJPhQ, KL1oif2ocGH2dJ4w-oT_Mg, nbF7bEjx_4lQJ3t6aVqFjA, xjBvbDmbsA0VX-vA55SbAA, PiT0jyLL2Jwm2ODTDapOcg","232, 515, 184, 787, 65, 61, 538, 645, 12, 860"
102,l8gCfUNUdO64TtIv71UUaA,"FMoKoSHgitwnt_iMWm31nQ, 3hjLxqqEfnBhwL6ecave_g, S1eha-aT5c7WMk7lDLsW0A, vL44Ky9VxUtOgteyHasRIA, ZOyBVpeSQ7sYDeZa_v0MFw, 6rGYvMWoH6KvbF-oQzOWIQ, 563C7-HcjhZwZSl4fK-mfQ, 6MR9GZjWjLAS3s39YdDXKw, _eg8IWyKJe1QlXAbQqeemw, xWuzWH8qYaa75REqVd9Isw","218, 232, 515, 787, 448, 121, 184, 105, 812, 817"
103,0tuicLSSRM8eCyVhIG5QeQ,"563C7-HcjhZwZSl4fK-mfQ, xWuzWH8qYaa75REqVd9Isw, FMoKoSHgitwnt_iMWm31nQ, BmrVL3Aj5usPfpu5DE1iCg, xbCNlp2vWixy2W1WsfGv8g, I1j1kEbQ5BliKsjzl5etVA, Q0fcX_1wvdmffqEPa246rg, se9MhDAQjACYMO3LCIfT1Q, VdBpfLna-sn83cdKmSkxOg, r3U-3yOP1ZB8Yu8Gv0Auwg","184, 817, 218, 616, 252, 465, 129, 625, 200, 862"
104,LZr86Mk7R8dxkh2Jo2NGWw,"LUhVj-r2TtmFx6cyF9ilJg, cgEzHZQKhi2anXfyF75MQw, vL44Ky9VxUtOgteyHasRIA, EIZnpMr9ccgutaGzGjzZ9g, W-kOZ946xRWBJZvxXhJ7DA, 8PmbCVEjWGPouD1Tst6FsQ, z57omnqRcAODGwbwMHEIyw, u9iy3hyA9HpETKi9qns__A, pdrWG2TVIXyRR_pN9bXs0Q, E7s0QreUJ2H9r0Ls1yDeiQ","80, 504, 787, 370, 97, 575, 301, 581, 507, 65"
105,4YH_x__cYF_y8QtaQcYYFg,"E7s0QreUJ2H9r0Ls1yDeiQ, nJdNzQ5Z278gTCFJ4HQBLA, yYh6t6a_0LGLVS_MNYEHsQ, VecnSuJm8sD83LWJ_KqAtg, P_q9rwxm-O-8cQ3xiswHHg, S1eha-aT5c7WMk7lDLsW0A, 2HMvoTz_hw0noLzBWmyxcA, 563C7-HcjhZwZSl4fK-mfQ, vy5dhJyQ_VC1NUpPMmRUlw, 8PmbCVEjWGPouD1Tst6FsQ","65, 250, 923, 509, 412, 515, 715, 184, 289, 575"
106,1s_F5PS7L8Azn50w860O7w,"hJNjKc4sKgWG__KitlJ1ag, nbJXmGpdCxiBnovBkBtWcA, Q0fcX_1wvdmffqEPa246rg, zc_ptb03jQiXnWGwmpAk0A, cgEzHZQKhi2anXfyF75MQw, vL44Ky9VxUtOgteyHasRIA, KL1oif2ocGH2dJ4w-oT_Mg, V8vKFvdrvhTrQrt-rxKrPA, gtx0OZnN98YXAASyMzv3hw, E_scgX9Vws9adbh4i_QJnQ","732, 887, 129, 547, 504, 787, 538, 294, 609, 719"
107,0sGiC_VQubXxFEkg-OLqyw,"csbBCysrsifg8N10c0eHCA, QIvn4fWw2bE53kgePK7oEQ, xbCNlp2vWixy2W1WsfGv8g, pM4mWLjeaZJlcdUxut2lMg, yF_fqO9cUUEyaIWhb-iOQQ, D2smJ2r0RrVoe0aGlT-2wA, nusoG27oU24aEZVNvF1QqA, WUAe0FGaLRCremEDXqNV4A, Fx4ONDdL_3eM-KCQ49WUSQ, LUhVj-r2TtmFx6cyF9ilJg","733, 351, 252, 247, 344, 657, 718, 838, 491, 80"
108,x_B6HetResuFzznXnVyEog,"rvOvog5Utw3VXBwiSCAl0A, QMySP-qHdwQNZY0gDba0ng, xbCNlp2vWixy2W1WsfGv8g, 2HMvoTz_hw0noLzBWmyxcA, hJNjKc4sKgWG__KitlJ1ag, 3hjLxqqEfnBhwL6ecave_g, E7s0QreUJ2H9r0Ls1yDeiQ, KMlY-L1oAL3qMQnwQCJPhQ, S1eha-aT5c7WMk7lDLsW0A, 36jGZp7V0jLnPCYmRipUCg","154, 67, 252, 715, 732, 232, 65, 61, 515, 790"
109,NV0u95G-WcjZRAfCX-jcWw,"6MR9GZjWjLAS3s39YdDXKw, xWuzWH8qYaa75REqVd9Isw, V8vKFvdrvhTrQrt-rxKrPA, cgEzHZQKhi2anXfyF75MQw, E7s0QreUJ2H9r0Ls1yDeiQ, b8-lt7cnQpcvHM6Qre-WZA, xOZ7bkrttSIGS4NZm49w5Q, nJdNzQ5Z278gTCFJ4HQBLA, S1eha-aT5c7WMk7lDLsW0A, JOqWln_EB_f6RUSTxl04dQ","105, 817, 294, 504, 65, 151, 213, 250, 515, 160"
110,0S2KCUzFvnWvlRWaDMz7Ng,"KL1oif2ocGH2dJ4w-oT_Mg, Q0fcX_1wvdmffqEPa246rg, xbCNlp2vWixy2W1WsfGv8g, nJdNzQ5Z278gTCFJ4HQBLA, JOqWln_EB_f6RUSTxl04dQ, GS06uO84yKQpa7oezgVZgQ, Rx85NUdD6MhrgKxHr05NlQ, E7s0QreUJ2H9r0Ls1yDeiQ, aJvi4k0ndFlGBzSZzcbnTw, 563C7-HcjhZwZSl4fK-mfQ","538, 129, 252, 250, 160, 572, 381, 65, 601, 184"
111,wK7unWb9i25ekCP37sWtfQ,"cgEzHZQKhi2anXfyF75MQw, vL44Ky9VxUtOgteyHasRIA, E8PkjCmDnDE7_2rYf38lRA, kYDkMGQEuQIeSOGZHHjIxA, 6MR9GZjWjLAS3s39YdDXKw, Fx4ONDdL_3eM-KCQ49WUSQ, qesu3mk5yHeak9CUO4gRdQ, AUiX65HxQqwk1yvsBcbTdQ, BUHyabBZOsKV8yRfiTx4NA, IWNPEvd3o6GHi60MxnPCVQ","504, 787, 400, 214, 105, 491, 583, 368, 84, 588"
112,7aPagLrqA9U1lXluIMP65g,"EKEPtNKJdZxRhYoFhuG8ew, 563C7-HcjhZwZSl4fK-mfQ, z57omnqRcAODGwbwMHEIyw, e8ohWYW8rbOZWZ4pojU4zQ, xWuzWH8qYaa75REqVd9Isw, WUAe0FGaLRCremEDXqNV4A, AUiX65HxQqwk1yvsBcbTdQ, l_tk3iLmyKfBUCK-6nBbHg, qDPn14lenAGehkbnJaqnYg, pM4mWLjeaZJlcdUxut2lMg","687, 184, 301, 438, 817, 838, 368, 267, 263, 247"
113,jCMdF94UyMHEi6iv8ys-gg,"QMySP-qHdwQNZY0gDba0ng, 3hjLxqqEfnBhwL6ecave_g, 563C7-HcjhZwZSl4fK-mfQ, hJNjKc4sKgWG__KitlJ1ag, z57omnqRcAODGwbwMHEIyw, xbCNlp2vWixy2W1WsfGv8g, KL1oif2ocGH2dJ4w-oT_Mg, KMlY-L1oAL3qMQnwQCJPhQ, vL44Ky9VxUtOgteyHasRIA, I1j1kEbQ5BliKsjzl5etVA","67, 232, 184, 732, 301, 252, 538, 61, 787, 465"
114,avbAP7ZQpDUgNcDywZtCsg,"se9MhDAQjACYMO3LCIfT1Q, Q0fcX_1wvdmffqEPa246rg, l_tk3iLmyKfBUCK-6nBbHg, z57omnqRcAODGwbwMHEIyw, hJNjKc4sKgWG__KitlJ1ag, xWuzWH8qYaa75REqVd9Isw, _jNe_vwxiEh0G9JRZByc0w, 36jGZp7V0jLnPCYmRipUCg, MuVIpRAEkNfRnmhsPTdl3A, AUiX65HxQqwk1yvsBcbTdQ","625, 129, 267, 301, 732, 817, 243, 790, 773, 368"
115,4A0Fjisy8aO4ObsKMBdKhQ,"VecnSuJm8sD83LWJ_KqAtg, adI5BlJCtvWq2uAwmyndXA, 8PmbCVEjWGPouD1Tst6FsQ, 22nkIQ4BeSYwsyaPOczOeA, vL44Ky9VxUtOgteyHasRIA, hJNjKc4sKgWG__KitlJ1ag, qmcIsZjLpxd0V4RekSozmA, yjBKddxPSOV4vjxWRCX0ug, 6MR9GZjWjLAS3s39YdDXKw, W-kOZ946xRWBJZvxXhJ7DA","509, 482, 575, 311, 787, 732, 432, 689, 105, 97"
116,PW50KG6menpoHdKeYLAvTg,"_jNe_vwxiEh0G9JRZByc0w, 563C7-HcjhZwZSl4fK-mfQ, 6MR9GZjWjLAS3s39YdDXKw, EiYE3T3hfqcpcficZ4zJzQ, hJNjKc4sKgWG__KitlJ1ag, r3U-3yOP1ZB8Yu8Gv0Auwg, zc_ptb03jQiXnWGwmpAk0A, KMlY-L1oAL3qMQnwQCJPhQ, E7s0QreUJ2H9r0Ls1yDeiQ, YST4gp2ecFtyUpRAFNZ_HQ","243, 184, 105, 520, 732, 862, 547, 61, 65, 345"
117,3uugj6C_tFdRa8SmVevJFA,"Kcg5iMwYq5ibBuEhDXKx3Q, 8PmbCVEjWGPouD1Tst6FsQ, W-kOZ946xRWBJZvxXhJ7DA, vL44Ky9VxUtOgteyHasRIA, P_q9rwxm-O-8cQ3xiswHHg, se9MhDAQjACYMO3LCIfT1Q, jHmFpryK4ide4iiqB3xSFQ, EIZnpMr9ccgutaGzGjzZ9g, S1eha-aT5c7WMk7lDLsW0A, BXeXS9EaNN03AptFwElvjA","425, 575, 97, 787, 412, 625, 636, 370, 515, 269"
118,yRm9czxWwbiJA-rtRAigcA,"z57omnqRcAODGwbwMHEIyw, Sqwa2aNwnqCmc95gVWQ9bA, 563C7-HcjhZwZSl4fK-mfQ, 6MR9GZjWjLAS3s39YdDXKw, Nvi9RLcOdrJvSwcw-ziZQQ, J_KI8rJa_dSwTglUbwFcdw, nJdNzQ5Z278gTCFJ4HQBLA, AUiX65HxQqwk1yvsBcbTdQ, l_tk3iLmyKfBUCK-6nBbHg, V0tRCjf95FTqVJvmxdeqbQ","301, 130, 184, 105, 913, 627, 250, 368, 267, 343"
119,EWNjX2eqSWi5xHZ-iRR7QA,"BmrVL3Aj5usPfpu5DE1iCg, Iexv0Un2MfGEjHk8ejL8Ww, Rx85NUdD6MhrgKxHr05NlQ, xbCNlp2vWixy2W1WsfGv8g, utYpyFOjNisHl1h7lDGSGA, oAsjdHwXgKtK-NU_JEYuPg, LUhVj-r2TtmFx6cyF9ilJg, IWNPEvd3o6GHi60MxnPCVQ, 8axxI33rUyswfRk_v3vS0A, 6MR9GZjWjLAS3s39YdDXKw","616, 836, 381, 252, 460, 591, 80, 588, 216, 105"
120,E68ZPVpcuWhxvnjq8vTqAA,"sH-11zOhWubXobEeuMo2gg, 22nkIQ4BeSYwsyaPOczOeA, E7s0QreUJ2H9r0Ls1yDeiQ, xOZ7bkrttSIGS4NZm49w5Q, 0SBDr7GJAFzKECE7IIWfJA, z57omnqRcAODGwbwMHEIyw, W-kOZ946xRWBJZvxXhJ7DA, z-3ZDmVbHZjDrYZE42yKZA, S9XKKA1evhRh16zrXpSF7g, utYpyFOjNisHl1h7lDGSGA","867, 311, 65, 213, 785, 301, 97, 134, 694, 460"
121,QssDrW4xPnhnpx_nMo2Kow,"B9gUwTS1_Yzj2vajjC7Vmg, se9MhDAQjACYMO3LCIfT1Q, 563C7-HcjhZwZSl4fK-mfQ, nJdNzQ5Z278gTCFJ4HQBLA, Q0fcX_1wvdmffqEPa246rg, _TqUO2XaxLQ9i_z3RM8puQ, W-kOZ946xRWBJZvxXhJ7DA, xWuzWH8qYaa75REqVd9Isw, z57omnqRcAODGwbwMHEIyw, Vtahv3Af90H3fUuEEhPhdQ","510, 625, 184, 250, 129, 875, 97, 817, 301, 138"
122,M-RKuwyjIsgY-w9TGLKNSA,"x5stEsLXNzS3WTy5YhdLlA, PiT0jyLL2Jwm2ODTDapOcg, 2HMvoTz_hw0noLzBWmyxcA, E_scgX9Vws9adbh4i_QJnQ, vy5dhJyQ_VC1NUpPMmRUlw, hJNjKc4sKgWG__KitlJ1ag, nbF7bEjx_4lQJ3t6aVqFjA, 22nkIQ4BeSYwsyaPOczOeA, 8Haoz9Mil7ZnHGU48sgBtw, LUhVj-r2TtmFx6cyF9ilJg","685, 860, 715, 719, 289, 732, 645, 311, 755, 80"
123,N0udGqfu8uh4Pa8OaV2ozQ,"xlHRYejgZj-iTm-QPhc8zQ, hJNjKc4sKgWG__KitlJ1ag, Q0fcX_1wvdmffqEPa246rg, cgEzHZQKhi2anXfyF75MQw, 6MR9GZjWjLAS3s39YdDXKw, te-QMdSMQdjws6NnRexjJQ, 563C7-HcjhZwZSl4fK-mfQ, N1BTJaWnLsCVsJ3I41EPdg, zc_ptb03jQiXnWGwmpAk0A, E8PkjCmDnDE7_2rYf38lRA","775, 732, 129, 504, 105, 490, 184, 508, 547, 400"
124,xYmJTCC4GowUQRsn-q0ZvA,"3hjLxqqEfnBhwL6ecave_g, yF_fqO9cUUEyaIWhb-iOQQ, E7s0QreUJ2H9r0Ls1yDeiQ, xWuzWH8qYaa75REqVd9Isw, se9MhDAQjACYMO3LCIfT1Q, oehWJ_dAlzU9C65b7zzKbQ, Vtahv3Af90H3fUuEEhPhdQ, _TqUO2XaxLQ9i_z3RM8puQ, ZOyBVpeSQ7sYDeZa_v0MFw, nusoG27oU24aEZVNvF1QqA","232, 344, 65, 817, 625, 727, 138, 875, 448, 718"
125,N2bEXLOeKlYcaObv6UwmeQ,"pM4mWLjeaZJlcdUxut2lMg, BTDPN3hMRrENFZNb76lPKw, g_fGPZJlGeKGLgC-j-tj6w, EiYE3T3hfqcpcficZ4zJzQ, 36jGZp7V0jLnPCYmRipUCg, e8ohWYW8rbOZWZ4pojU4zQ, E7s0QreUJ2H9r0Ls1yDeiQ, B9gUwTS1_Yzj2vajjC7Vmg, hJNjKc4sKgWG__KitlJ1ag, u9iy3hyA9HpETKi9qns__A","247, 409, 366, 520, 790, 438, 65, 510, 732, 581"
126,SqVspkn4ivOfeBYgk-EIKA,"P_q9rwxm-O-8cQ3xiswHHg, V0tRCjf95FTqVJvmxdeqbQ, Vtahv3Af90H3fUuEEhPhdQ, E7s0QreUJ2H9r0Ls1yDeiQ, se9MhDAQjACYMO3LCIfT1Q, 563C7-HcjhZwZSl4fK-mfQ, zc_ptb03jQiXnWGwmpAk0A, Rx85NUdD6MhrgKxHr05NlQ, XarxHcmxyjvhzoROMTLyMg, AUiX65HxQqwk1yvsBcbTdQ","412, 343, 138, 65, 625, 184, 547, 381, 795, 368"
127,3c57DbE5YVzaBqJzXTixcA,"se9MhDAQjACYMO3LCIfT1Q, W-kOZ946xRWBJZvxXhJ7DA, WUAe0FGaLRCremEDXqNV4A, 563C7-HcjhZwZSl4fK-mfQ, z57omnqRcAODGwbwMHEIyw, lWRbdK9YABr0auLG19FHhQ, lrPNLw0zbfzgWrWINMjsNw, vL44Ky9VxUtOgteyHasRIA, Kcg5iMwYq5ibBuEhDXKx3Q, J_KI8rJa_dSwTglUbwFcdw","625, 97, 838, 184, 301, 387, 878, 787, 425, 627"
128,oy9owJElDBGC5kRZQmGxrw,"563C7-HcjhZwZSl4fK-mfQ, csbBCysrsifg8N10c0eHCA, gqsU03i-WiyYHcBCdwObuQ, 366NwqHwhOic5pBN1DjmDQ, b8-lt7cnQpcvHM6Qre-WZA, xjBvbDmbsA0VX-vA55SbAA, L4ivYHVCDpIE0SrPaCn0LA, _jNe_vwxiEh0G9JRZByc0w, V8vKFvdrvhTrQrt-rxKrPA, xOZ7bkrttSIGS4NZm49w5Q","184, 733, 245, 335, 151, 12, 81, 243, 294, 213"
129,23BfvNiCUERIKFu3w7ljUg,"6MR9GZjWjLAS3s39YdDXKw, AUiX65HxQqwk1yvsBcbTdQ, E7s0QreUJ2H9r0Ls1yDeiQ, vL44Ky9VxUtOgteyHasRIA, _TqUO2XaxLQ9i_z3RM8puQ, 3hjLxqqEfnBhwL6ecave_g, FMoKoSHgitwnt_iMWm31nQ, S1eha-aT5c7WMk7lDLsW0A, pv4S2yOiWqH6AdFqzosZpw, zc_ptb03jQiXnWGwmpAk0A","105, 368, 65, 787, 875, 232, 218, 515, 900, 547"
130,iZE1J4HZ7CQdiL76w6vsJw,"I1j1kEbQ5BliKsjzl5etVA, 6rGYvMWoH6KvbF-oQzOWIQ, Vtahv3Af90H3fUuEEhPhdQ, GbRN507iOJ6JOU-dixk-PQ, MuVIpRAEkNfRnmhsPTdl3A, 2YPpmW-mpN2f6c4cFDtjPw, KtUuxN2gZXeC7WpJ_w9hNg, N8hUGYmf0jEO9eDzmYHuAw, l_tk3iLmyKfBUCK-6nBbHg, 563C7-HcjhZwZSl4fK-mfQ","465, 121, 138, 606, 773, 191, 866, 821, 267, 184"
131,ZkWzMb9QbB5e3JerEIg4Fw,"FMoKoSHgitwnt_iMWm31nQ, BmrVL3Aj5usPfpu5DE1iCg, te-QMdSMQdjws6NnRexjJQ, adI5BlJCtvWq2uAwmyndXA, xbCNlp2vWixy2W1WsfGv8g, aIs7Tt3pw6ymj3FOPPR4Ng, 563C7-HcjhZwZSl4fK-mfQ, QMySP-qHdwQNZY0gDba0ng, E7s0QreUJ2H9r0Ls1yDeiQ, V0tRCjf95FTqVJvmxdeqbQ","218, 616, 490, 482, 252, 26, 184, 67, 65, 343"
132,NIiI-af78NxSrdTl3mfF0w,"z57omnqRcAODGwbwMHEIyw, APN05ziH92oIox8EMxcceg, nJdNzQ5Z278gTCFJ4HQBLA, 3hjLxqqEfnBhwL6ecave_g, vL44Ky9VxUtOgteyHasRIA, vy5dhJyQ_VC1NUpPMmRUlw, pM4mWLjeaZJlcdUxut2lMg, W-kOZ946xRWBJZvxXhJ7DA, S1eha-aT5c7WMk7lDLsW0A, 6MR9GZjWjLAS3s39YdDXKw","301, 249, 250, 232, 787, 289, 247, 97, 515, 105"
133,nF5jMQ2CUIiQG7U-yvFq7g,"kYDkMGQEuQIeSOGZHHjIxA, Q0fcX_1wvdmffqEPa246rg, yv8m3r2v3xQtDCYnwJa99Q, 2vOHS-_p5ylEf0BGR1dO9w, 6I4twTs8oFMuDsuTwS7IgQ, 563C7-HcjhZwZSl4fK-mfQ, FMoKoSHgitwnt_iMWm31nQ, XarxHcmxyjvhzoROMTLyMg, DF9ffUVfpjYYF6_5ASLg4g, F3xksTtZUfanOcLQqJn0eQ","214, 129, 222, 159, 754, 184, 218, 795, 162, 405"
134,u8wr1QZT5k2maUB6_8ni-Q,"6Kl2SQp-zGo-nsdImLykxw, g_fGPZJlGeKGLgC-j-tj6w, XahLCgicRsLPb0TSMAIQtw, 8axxI33rUyswfRk_v3vS0A, hz0ldhBHu5M4ri9M_mkOdQ, hJNjKc4sKgWG__KitlJ1ag, nJdNzQ5Z278gTCFJ4HQBLA, 563C7-HcjhZwZSl4fK-mfQ, EiYE3T3hfqcpcficZ4zJzQ, AEVNOYRr8ZsG1bj3NuEKgA","110, 366, 534, 216, 656, 732, 250, 184, 520, 253"
135,Fou1SlEsdm7ceRTAJCSK-Q,"6MR9GZjWjLAS3s39YdDXKw, 563C7-HcjhZwZSl4fK-mfQ, aIs7Tt3pw6ymj3FOPPR4Ng, z-3ZDmVbHZjDrYZE42yKZA, S1eha-aT5c7WMk7lDLsW0A, V8vKFvdrvhTrQrt-rxKrPA, FMoKoSHgitwnt_iMWm31nQ, 2HMvoTz_hw0noLzBWmyxcA, fNtFIQM_FKsHsyEIVk_KMQ, WUAe0FGaLRCremEDXqNV4A","105, 184, 26, 134, 515, 294, 218, 715, 140, 838"
136,7N9YwddVlZtd2NQkvx3jGQ,"z-3ZDmVbHZjDrYZE42yKZA, z57omnqRcAODGwbwMHEIyw, xjBvbDmbsA0VX-vA55SbAA, AinopkZXEBEzm7Q3vidL1w, E7s0QreUJ2H9r0Ls1yDeiQ, Kcg5iMwYq5ibBuEhDXKx3Q, 36jGZp7V0jLnPCYmRipUCg, vL44Ky9VxUtOgteyHasRIA, 6MR9GZjWjLAS3s39YdDXKw, hJNjKc4sKgWG__KitlJ1ag","134, 301, 12, 444, 65, 425, 790, 787, 105, 732"
137,RFxjYeLW_aYLdVW3PBwFNg,"Kcg5iMwYq5ibBuEhDXKx3Q, xWuzWH8qYaa75REqVd9Isw, 1X9DnaRUexCmwohV2E-f1g, se9MhDAQjACYMO3LCIfT1Q, 563C7-HcjhZwZSl4fK-mfQ, 47Uu-2MceSRFmohdzCOvGQ, hJNjKc4sKgWG__KitlJ1ag, Q0fcX_1wvdmffqEPa246rg, BmrVL3Aj5usPfpu5DE1iCg, P_q9rwxm-O-8cQ3xiswHHg","425, 817, 545, 625, 184, 481, 732, 129, 616, 412"
138,w_kJSxW49eAT6NdiXJEpsw,"FMoKoSHgitwnt_iMWm31nQ, BmrVL3Aj5usPfpu5DE1iCg, LUhVj-r2TtmFx6cyF9ilJg, aJkxkjYvi89gHIOomnjGVQ, 366NwqHwhOic5pBN1DjmDQ, z57omnqRcAODGwbwMHEIyw, B9gUwTS1_Yzj2vajjC7Vmg, IWNPEvd3o6GHi60MxnPCVQ, 2HMvoTz_hw0noLzBWmyxcA, hWpHSSGx4oxxtiJuDEioFw","218, 616, 80, 864, 335, 301, 510, 588, 715, 739"
139,HxEgQzp1ELEBXyk9v5UF2A,"P_q9rwxm-O-8cQ3xiswHHg, kYDkMGQEuQIeSOGZHHjIxA, IWNPEvd3o6GHi60MxnPCVQ, V8vKFvdrvhTrQrt-rxKrPA, 366NwqHwhOic5pBN1DjmDQ, vL44Ky9VxUtOgteyHasRIA, cgEzHZQKhi2anXfyF75MQw, nJdNzQ5Z278gTCFJ4HQBLA, 22nkIQ4BeSYwsyaPOczOeA, EiYE3T3hfqcpcficZ4zJzQ","412, 214, 588, 294, 335, 787, 504, 250, 311, 520"
140,KIRUItqBI5IwFB1PWqSGzA,"adI5BlJCtvWq2uAwmyndXA, lWRbdK9YABr0auLG19FHhQ, J_KI8rJa_dSwTglUbwFcdw, 563C7-HcjhZwZSl4fK-mfQ, KMlY-L1oAL3qMQnwQCJPhQ, EiYE3T3hfqcpcficZ4zJzQ, XahLCgicRsLPb0TSMAIQtw, aHYIubjRbTLB3o_eXkrMXA, 3hjLxqqEfnBhwL6ecave_g, GbRN507iOJ6JOU-dixk-PQ","482, 387, 627, 184, 61, 520, 534, 764, 232, 606"
141,qv6zFKA9j2_YSkZ3ImUHAw,"S1eha-aT5c7WMk7lDLsW0A, hz0ldhBHu5M4ri9M_mkOdQ, E7s0QreUJ2H9r0Ls1yDeiQ, s7TMkWF36dwwD8R3TKsJqw, sH-11zOhWubXobEeuMo2gg, nJdNzQ5Z278gTCFJ4HQBLA, pM4mWLjeaZJlcdUxut2lMg, _jNe_vwxiEh0G9JRZByc0w, N8hUGYmf0jEO9eDzmYHuAw, KMlY-L1oAL3qMQnwQCJPhQ","515, 656, 65, 310, 867, 250, 247, 243, 821, 61"
142,2CvY-N_zMLI_WOv8HogPhw,"AUiX65HxQqwk1yvsBcbTdQ, 8PmbCVEjWGPouD1Tst6FsQ, Kcg5iMwYq5ibBuEhDXKx3Q, 563C7-HcjhZwZSl4fK-mfQ, csbBCysrsifg8N10c0eHCA, E7s0QreUJ2H9r0Ls1yDeiQ, hJNjKc4sKgWG__KitlJ1ag, te-QMdSMQdjws6NnRexjJQ, nbF7bEjx_4lQJ3t6aVqFjA, 6MR9GZjWjLAS3s39YdDXKw","368, 575, 425, 184, 733, 65, 732, 490, 645, 105"
143,zZtSF9uCvA4-z_-j1RiyAA,"W-kOZ946xRWBJZvxXhJ7DA, sH-11zOhWubXobEeuMo2gg, T3iWl33fpg4H88zUFr-dSw, aHYIubjRbTLB3o_eXkrMXA, 3hjLxqqEfnBhwL6ecave_g, Fx4ONDdL_3eM-KCQ49WUSQ, 6Ljr0VgQpJOWJG6dlph9Fw, FMoKoSHgitwnt_iMWm31nQ, KMlY-L1oAL3qMQnwQCJPhQ, UtdL02pH7TdKSTdAZXOu8Q","97, 867, 196, 764, 232, 491, 20, 218, 61, 871"
144,4FUVYIUwdLkHrQZ17VV3Tg,"Kcg5iMwYq5ibBuEhDXKx3Q, cgEzHZQKhi2anXfyF75MQw, z-3ZDmVbHZjDrYZE42yKZA, E7s0QreUJ2H9r0Ls1yDeiQ, IWNPEvd3o6GHi60MxnPCVQ, hJNjKc4sKgWG__KitlJ1ag, ksP8426d2qN-mg-JDpkRVQ, 8PmbCVEjWGPouD1Tst6FsQ, gtx0OZnN98YXAASyMzv3hw, 6MR9GZjWjLAS3s39YdDXKw","425, 504, 134, 65, 588, 732, 908, 575, 609, 105"
145,XFqrwk2eyELwev8aFSxvQg,"zK_6fn5ZLSkW7OhRD30IBw, 36jGZp7V0jLnPCYmRipUCg, 3hjLxqqEfnBhwL6ecave_g, N1BTJaWnLsCVsJ3I41EPdg, 8Haoz9Mil7ZnHGU48sgBtw, aIs7Tt3pw6ymj3FOPPR4Ng, se9MhDAQjACYMO3LCIfT1Q, S1eha-aT5c7WMk7lDLsW0A, PiT0jyLL2Jwm2ODTDapOcg, gtx0OZnN98YXAASyMzv3hw","174, 790, 232, 508, 755, 26, 625, 515, 860, 609"
146,Ou4BjdfuERdzcRN_tMhq4Q,"563C7-HcjhZwZSl4fK-mfQ, xOZ7bkrttSIGS4NZm49w5Q, AUiX65HxQqwk1yvsBcbTdQ, J_KI8rJa_dSwTglUbwFcdw, 2HMvoTz_hw0noLzBWmyxcA, ksP8426d2qN-mg-JDpkRVQ, utYpyFOjNisHl1h7lDGSGA, IWNPEvd3o6GHi60MxnPCVQ, fNtFIQM_FKsHsyEIVk_KMQ, 366NwqHwhOic5pBN1DjmDQ","184, 213, 368, 627, 715, 908, 460, 588, 140, 335"
147,d0M3Bx5CfuCBMx4a6yFb2w,"EiYE3T3hfqcpcficZ4zJzQ, S1eha-aT5c7WMk7lDLsW0A, csbBCysrsifg8N10c0eHCA, se9MhDAQjACYMO3LCIfT1Q, 563C7-HcjhZwZSl4fK-mfQ, pU4eHR_LOFpmnQRQ5XXO8g, _jNe_vwxiEh0G9JRZByc0w, pM4mWLjeaZJlcdUxut2lMg, hz0ldhBHu5M4ri9M_mkOdQ, 6MR9GZjWjLAS3s39YdDXKw","520, 515, 733, 625, 184, 199, 243, 247, 656, 105"
148,9-e6IZC7lv7zWVGr0kDBfw,"563C7-HcjhZwZSl4fK-mfQ, se9MhDAQjACYMO3LCIfT1Q, pM4mWLjeaZJlcdUxut2lMg, AUiX65HxQqwk1yvsBcbTdQ, nJdNzQ5Z278gTCFJ4HQBLA, sH-11zOhWubXobEeuMo2gg, z57omnqRcAODGwbwMHEIyw, gqsU03i-WiyYHcBCdwObuQ, qeFGUu1WPvMMNn5Hno6D-Q, IWNPEvd3o6GHi60MxnPCVQ","184, 625, 247, 368, 250, 867, 301, 245, 543, 588"
149,xuQ51kpd3TKXwYwHUysRpQ,"MuVIpRAEkNfRnmhsPTdl3A, SD3ZyFR5ZjFneWpYhT6tLg, 6MR9GZjWjLAS3s39YdDXKw, b8-lt7cnQpcvHM6Qre-WZA, rvOvog5Utw3VXBwiSCAl0A, x1bjSvpIJTN1KBFhUjOU_g, utYpyFOjNisHl1h7lDGSGA, 85Y24Itl548cCCVV2d8HxQ, nJdNzQ5Z278gTCFJ4HQBLA, te-QMdSMQdjws6NnRexjJQ","773, 169, 105, 151, 154, 424, 460, 369, 250, 490"
150,Et6mwzOORak5K6kJ-yw4Xw,"Jwp4UFa93ENe-0REPo5hCQ, Q0fcX_1wvdmffqEPa246rg, lWRbdK9YABr0auLG19FHhQ, XahLCgicRsLPb0TSMAIQtw, BmrVL3Aj5usPfpu5DE1iCg, ostrw--kIFrZ1fBlY7JgWA, PjSCDlb8ZOk_X9sjsUFHDg, 563C7-HcjhZwZSl4fK-mfQ, T7LciiklV0HLdulHjB9oyQ, hJNjKc4sKgWG__KitlJ1ag","574, 129, 387, 534, 616, 325, 442, 184, 555, 732"
151,YBtA8qWOVU0Jee8g_jAXEQ,"6Kl2SQp-zGo-nsdImLykxw, csbBCysrsifg8N10c0eHCA, xWuzWH8qYaa75REqVd9Isw, cgEzHZQKhi2anXfyF75MQw, xOZ7bkrttSIGS4NZm49w5Q, APN05ziH92oIox8EMxcceg, I1j1kEbQ5BliKsjzl5etVA, nJdNzQ5Z278gTCFJ4HQBLA, DdfvQ1hZOB0-ra7pu-wwoA, Jwp4UFa93ENe-0REPo5hCQ","110, 733, 817, 504, 213, 249, 465, 250, 207, 574"
152,N5EqlX0a8Hu6vheBMgTtDA,"qeFGUu1WPvMMNn5Hno6D-Q, xbCNlp2vWixy2W1WsfGv8g, nJdNzQ5Z278gTCFJ4HQBLA, pM4mWLjeaZJlcdUxut2lMg, Rx85NUdD6MhrgKxHr05NlQ, E-Dtjsw3tjwotRPsMLZhsQ, 2vOHS-_p5ylEf0BGR1dO9w, QMySP-qHdwQNZY0gDba0ng, E7s0QreUJ2H9r0Ls1yDeiQ, xWuzWH8qYaa75REqVd9Isw","543, 252, 250, 247, 381, 498, 159, 67, 65, 817"
153,xA78hV3BVAycTmVIm3pU-w,"563C7-HcjhZwZSl4fK-mfQ, L4ivYHVCDpIE0SrPaCn0LA, nJdNzQ5Z278gTCFJ4HQBLA, e8ohWYW8rbOZWZ4pojU4zQ, z57omnqRcAODGwbwMHEIyw, Nvi9RLcOdrJvSwcw-ziZQQ, xbCNlp2vWixy2W1WsfGv8g, J_KI8rJa_dSwTglUbwFcdw, I1j1kEbQ5BliKsjzl5etVA, FMoKoSHgitwnt_iMWm31nQ","184, 81, 250, 438, 301, 913, 252, 627, 465, 218"
154,q7afpu276gtNdGDWaGqn0g,"KMlY-L1oAL3qMQnwQCJPhQ, K8D_ltZWGvdXUaSE7bBiDw, S1eha-aT5c7WMk7lDLsW0A, rvOvog5Utw3VXBwiSCAl0A, xbCNlp2vWixy2W1WsfGv8g, GbRN507iOJ6JOU-dixk-PQ, 47Uu-2MceSRFmohdzCOvGQ, B9gUwTS1_Yzj2vajjC7Vmg, gqsU03i-WiyYHcBCdwObuQ, se9MhDAQjACYMO3LCIfT1Q","61, 182, 515, 154, 252, 606, 481, 510, 245, 625"
155,U1L1ZTbrFOu9kdxa1A2cgg,"E_scgX9Vws9adbh4i_QJnQ, PiT0jyLL2Jwm2ODTDapOcg, sjrTFzrb7_pzzBEpC-BvpA, 563C7-HcjhZwZSl4fK-mfQ, AUiX65HxQqwk1yvsBcbTdQ, DdfvQ1hZOB0-ra7pu-wwoA, sH-11zOhWubXobEeuMo2gg, utYpyFOjNisHl1h7lDGSGA, 0SBDr7GJAFzKECE7IIWfJA, kYDkMGQEuQIeSOGZHHjIxA","719, 860, 806, 184, 368, 207, 867, 460, 785, 214"
156,eJpAIofn1vugSg-h57gPrQ,"cgEzHZQKhi2anXfyF75MQw, E7s0QreUJ2H9r0Ls1yDeiQ, 2HMvoTz_hw0noLzBWmyxcA, PiT0jyLL2Jwm2ODTDapOcg, ksP8426d2qN-mg-JDpkRVQ, zK_6fn5ZLSkW7OhRD30IBw, g38pY1WD5dbmEuv0Bkx8QQ, B9gUwTS1_Yzj2vajjC7Vmg, Kcg5iMwYq5ibBuEhDXKx3Q, nbF7bEjx_4lQJ3t6aVqFjA","504, 65, 715, 860, 908, 174, 791, 510, 425, 645"
157,LGfDJMfXDDj93YUfrEqEhA,"xbCNlp2vWixy2W1WsfGv8g, 563C7-HcjhZwZSl4fK-mfQ, z57omnqRcAODGwbwMHEIyw, bMEZKjo5LTZS3Hk7zGKflQ, PcR-9sTQRK_UN7qO9rzDNw, QMySP-qHdwQNZY0gDba0ng, N8hUGYmf0jEO9eDzmYHuAw, AEVNOYRr8ZsG1bj3NuEKgA, gqsU03i-WiyYHcBCdwObuQ, nJdNzQ5Z278gTCFJ4HQBLA","252, 184, 301, 437, 288, 67, 821, 253, 245, 250"
158,ccHzPfXNuczHUnE50xorTA,"8PmbCVEjWGPouD1Tst6FsQ, E7s0QreUJ2H9r0Ls1yDeiQ, hJNjKc4sKgWG__KitlJ1ag, F3xksTtZUfanOcLQqJn0eQ, Q0fcX_1wvdmffqEPa246rg, E_scgX9Vws9adbh4i_QJnQ, vL44Ky9VxUtOgteyHasRIA, ZOyBVpeSQ7sYDeZa_v0MFw, Vtahv3Af90H3fUuEEhPhdQ, PiT0jyLL2Jwm2ODTDapOcg","575, 65, 732, 405, 129, 719, 787, 448, 138, 860"
159,Adg7wTKXnMxCERIQ1tv8fg,"47Uu-2MceSRFmohdzCOvGQ, z-3ZDmVbHZjDrYZE42yKZA, 563C7-HcjhZwZSl4fK-mfQ, K8D_ltZWGvdXUaSE7bBiDw, Q0fcX_1wvdmffqEPa246rg, N1BTJaWnLsCVsJ3I41EPdg, 366NwqHwhOic5pBN1DjmDQ, FMoKoSHgitwnt_iMWm31nQ, se9MhDAQjACYMO3LCIfT1Q, KtUuxN2gZXeC7WpJ_w9hNg","481, 134, 184, 182, 129, 508, 335, 218, 625, 866"
160,PqfTIt852IueKvvewNCW4g,"563C7-HcjhZwZSl4fK-mfQ, se9MhDAQjACYMO3LCIfT1Q, HpgBVYnLQRRBPLxEdGe1Hg, Rx85NUdD6MhrgKxHr05NlQ, xWuzWH8qYaa75REqVd9Isw, qeFGUu1WPvMMNn5Hno6D-Q, 0HyuO5rOKeaa08TFzjIJIA, rvOvog5Utw3VXBwiSCAl0A, Q0fcX_1wvdmffqEPa246rg, gqsU03i-WiyYHcBCdwObuQ","184, 625, 248, 381, 817, 543, 16, 154, 129, 245"
161,-K78Uw-3Z_Ph0JCx0FXNig,"Q0fcX_1wvdmffqEPa246rg, xWuzWH8qYaa75REqVd9Isw, pM4mWLjeaZJlcdUxut2lMg, hJNjKc4sKgWG__KitlJ1ag, E7s0QreUJ2H9r0Ls1yDeiQ, WUAe0FGaLRCremEDXqNV4A, ksto8NA8KkgB1xIlEVWm8A, _jNe_vwxiEh0G9JRZByc0w, gtx0OZnN98YXAASyMzv3hw, nJdNzQ5Z278gTCFJ4HQBLA","129, 817, 247, 732, 65, 838, 901, 243, 609, 250"
162,t_mhu4-BWlTamg9KbGU91w,"EKEPtNKJdZxRhYoFhuG8ew, BmrVL3Aj5usPfpu5DE1iCg, _TqUO2XaxLQ9i_z3RM8puQ, E7s0QreUJ2H9r0Ls1yDeiQ, 563C7-HcjhZwZSl4fK-mfQ, Q0fcX_1wvdmffqEPa246rg, hJNjKc4sKgWG__KitlJ1ag, te-QMdSMQdjws6NnRexjJQ, qeFGUu1WPvMMNn5Hno6D-Q, zc_ptb03jQiXnWGwmpAk0A","687, 616, 875, 65, 184, 129, 732, 490, 543, 547"
163,KaU3rrZ-MP1KRfOyTbBD1A,"adI5BlJCtvWq2uAwmyndXA, Vtahv3Af90H3fUuEEhPhdQ, E7s0QreUJ2H9r0Ls1yDeiQ, z57omnqRcAODGwbwMHEIyw, 563C7-HcjhZwZSl4fK-mfQ, vL44Ky9VxUtOgteyHasRIA, 6MR9GZjWjLAS3s39YdDXKw, 3hjLxqqEfnBhwL6ecave_g, RiPhiTDvmhqlF9BYWv8mtA, hJNjKc4sKgWG__KitlJ1ag","482, 138, 65, 301, 184, 787, 105, 232, 778, 732"
164,bFuvgmxqql2KRj56bHmIZQ,"Q0fcX_1wvdmffqEPa246rg, 8axxI33rUyswfRk_v3vS0A, se9MhDAQjACYMO3LCIfT1Q, 563C7-HcjhZwZSl4fK-mfQ, Kcg5iMwYq5ibBuEhDXKx3Q, BmrVL3Aj5usPfpu5DE1iCg, MGOBNMCuhnYRcaiBj9-g1Q, 47Uu-2MceSRFmohdzCOvGQ, QCH8Lk9uC4_rkqA2ls2y4w, GbRN507iOJ6JOU-dixk-PQ","129, 216, 625, 184, 425, 616, 167, 481, 422, 606"
165,rBHZxhzDiZR2gCFoEgGRpQ,"6MR9GZjWjLAS3s39YdDXKw, WUAe0FGaLRCremEDXqNV4A, EKEPtNKJdZxRhYoFhuG8ew, 563C7-HcjhZwZSl4fK-mfQ, se9MhDAQjACYMO3LCIfT1Q, Vtahv3Af90H3fUuEEhPhdQ, MuVIpRAEkNfRnmhsPTdl3A, 2vOHS-_p5ylEf0BGR1dO9w, 8axxI33rUyswfRk_v3vS0A, V8vKFvdrvhTrQrt-rxKrPA","105, 838, 687, 184, 625, 138, 773, 159, 216, 294"
166,ccIa9Xj2r8lFnYB7seE5LA,"b8-lt7cnQpcvHM6Qre-WZA, 0HyuO5rOKeaa08TFzjIJIA, Q1XCsLlyXZJU0ZjuVCcM4A, oAsjdHwXgKtK-NU_JEYuPg, KMlY-L1oAL3qMQnwQCJPhQ, E7s0QreUJ2H9r0Ls1yDeiQ, BmrVL3Aj5usPfpu5DE1iCg, I1j1kEbQ5BliKsjzl5etVA, gqsU03i-WiyYHcBCdwObuQ, _jNe_vwxiEh0G9JRZByc0w","151, 16, 876, 591, 61, 65, 616, 465, 245, 243"
167,wbYenlOjoHtEfYUZ28l6yQ,"S1eha-aT5c7WMk7lDLsW0A, GbRN507iOJ6JOU-dixk-PQ, vL44Ky9VxUtOgteyHasRIA, xOZ7bkrttSIGS4NZm49w5Q, J_KI8rJa_dSwTglUbwFcdw, z57omnqRcAODGwbwMHEIyw, FMoKoSHgitwnt_iMWm31nQ, aIs7Tt3pw6ymj3FOPPR4Ng, _jNe_vwxiEh0G9JRZByc0w, Iexv0Un2MfGEjHk8ejL8Ww","515, 606, 787, 213, 627, 301, 218, 26, 243, 836"
168,Demry6BFAChyZsIicv5EbQ,"V8vKFvdrvhTrQrt-rxKrPA, hJNjKc4sKgWG__KitlJ1ag, 2vOHS-_p5ylEf0BGR1dO9w, LUhVj-r2TtmFx6cyF9ilJg, E7s0QreUJ2H9r0Ls1yDeiQ, nbJXmGpdCxiBnovBkBtWcA, aJvi4k0ndFlGBzSZzcbnTw, ZOyBVpeSQ7sYDeZa_v0MFw, S1eha-aT5c7WMk7lDLsW0A, xbCNlp2vWixy2W1WsfGv8g","294, 732, 159, 80, 65, 887, 601, 448, 515, 252"
169,oN9bug-cjYV5XfAXkUkDZQ,"s7TMkWF36dwwD8R3TKsJqw, Q0fcX_1wvdmffqEPa246rg, E7s0QreUJ2H9r0Ls1yDeiQ, 2vOHS-_p5ylEf0BGR1dO9w, xWuzWH8qYaa75REqVd9Isw, xbCNlp2vWixy2W1WsfGv8g, z57omnqRcAODGwbwMHEIyw, qeFGUu1WPvMMNn5Hno6D-Q, xOZ7bkrttSIGS4NZm49w5Q, FMoKoSHgitwnt_iMWm31nQ","310, 129, 65, 159, 817, 252, 301, 543, 213, 218"
170,F__GQ51ECBWekNnIxJT0AQ,"KMlY-L1oAL3qMQnwQCJPhQ, csbBCysrsifg8N10c0eHCA, xOZ7bkrttSIGS4NZm49w5Q, 563C7-HcjhZwZSl4fK-mfQ, Sagzs4cd0ruWEK_T9DaFHg, zK_6fn5ZLSkW7OhRD30IBw, 366NwqHwhOic5pBN1DjmDQ, EiYE3T3hfqcpcficZ4zJzQ, Wg6fKmeGi77hXs5nUBH1BA, 22nkIQ4BeSYwsyaPOczOeA","61, 733, 213, 184, 480, 174, 335, 520, 234, 311"
171,nHIUbyU_XZnFtdi3-oymXA,"563C7-HcjhZwZSl4fK-mfQ, V0tRCjf95FTqVJvmxdeqbQ, FMoKoSHgitwnt_iMWm31nQ, sH-11zOhWubXobEeuMo2gg, QMySP-qHdwQNZY0gDba0ng, K8D_ltZWGvdXUaSE7bBiDw, S1eha-aT5c7WMk7lDLsW0A, 366NwqHwhOic5pBN1DjmDQ, hf_TA4bRRnzLQh2XUbqX6w, Q0fcX_1wvdmffqEPa246rg","184, 343, 218, 867, 67, 182, 515, 335, 579, 129"
172,hS5B81QZp24M-9m8lDBv0A,"AUiX65HxQqwk1yvsBcbTdQ, Q0fcX_1wvdmffqEPa246rg, Rx85NUdD6MhrgKxHr05NlQ, 563C7-HcjhZwZSl4fK-mfQ, lWRbdK9YABr0auLG19FHhQ, E7s0QreUJ2H9r0Ls1yDeiQ, adI5BlJCtvWq2uAwmyndXA, 8axxI33rUyswfRk_v3vS0A, se9MhDAQjACYMO3LCIfT1Q, 2HMvoTz_hw0noLzBWmyxcA","368, 129, 381, 184, 387, 65, 482, 216, 625, 715"
173,ltJ6UR7deTWoPMej1AW2jQ,"se9MhDAQjACYMO3LCIfT1Q, S1eha-aT5c7WMk7lDLsW0A, e8ohWYW8rbOZWZ4pojU4zQ, _TqUO2XaxLQ9i_z3RM8puQ, 0HyuO5rOKeaa08TFzjIJIA, hJNjKc4sKgWG__KitlJ1ag, qeFGUu1WPvMMNn5Hno6D-Q, 0SBDr7GJAFzKECE7IIWfJA, cgEzHZQKhi2anXfyF75MQw, BmrVL3Aj5usPfpu5DE1iCg","625, 515, 438, 875, 16, 732, 543, 785, 504, 616"
174,8UgMUgkhCh3HwB0x7YgxqQ,"r3U-3yOP1ZB8Yu8Gv0Auwg, FMoKoSHgitwnt_iMWm31nQ, J_KI8rJa_dSwTglUbwFcdw, 0HyuO5rOKeaa08TFzjIJIA, xWuzWH8qYaa75REqVd9Isw, tD1veHsKELAH3b7wKmHsaw, 0SBDr7GJAFzKECE7IIWfJA, cgEzHZQKhi2anXfyF75MQw, 563C7-HcjhZwZSl4fK-mfQ, BmrVL3Aj5usPfpu5DE1iCg","862, 218, 627, 16, 817, 231, 785, 504, 184, 616"
175,X4qXP6G0GBz1y5bDUafYrQ,"vy5dhJyQ_VC1NUpPMmRUlw, yv8m3r2v3xQtDCYnwJa99Q, adI5BlJCtvWq2uAwmyndXA, r3U-3yOP1ZB8Yu8Gv0Auwg, WUAe0FGaLRCremEDXqNV4A, qesu3mk5yHeak9CUO4gRdQ, ksP8426d2qN-mg-JDpkRVQ, se9MhDAQjACYMO3LCIfT1Q, ostrw--kIFrZ1fBlY7JgWA, 563C7-HcjhZwZSl4fK-mfQ","289, 222, 482, 862, 838, 583, 908, 625, 325, 184"
176,pSfeno8ExPHvn8NXca5sfA,"_TqUO2XaxLQ9i_z3RM8puQ, Q0fcX_1wvdmffqEPa246rg, 563C7-HcjhZwZSl4fK-mfQ, se9MhDAQjACYMO3LCIfT1Q, adI5BlJCtvWq2uAwmyndXA, XarxHcmxyjvhzoROMTLyMg, vL44Ky9VxUtOgteyHasRIA, hJNjKc4sKgWG__KitlJ1ag, utYpyFOjNisHl1h7lDGSGA, 3hjLxqqEfnBhwL6ecave_g","875, 129, 184, 625, 482, 795, 787, 732, 460, 232"
177,awto1-gW36q0avBVDGf_1g,"se9MhDAQjACYMO3LCIfT1Q, 85Y24Itl548cCCVV2d8HxQ, _TqUO2XaxLQ9i_z3RM8puQ, nbJXmGpdCxiBnovBkBtWcA, gONO6UIMj8kFo1IvnROuuQ, DdfvQ1hZOB0-ra7pu-wwoA, 563C7-HcjhZwZSl4fK-mfQ, APN05ziH92oIox8EMxcceg, LUhVj-r2TtmFx6cyF9ilJg, z57omnqRcAODGwbwMHEIyw","625, 369, 875, 887, 94, 207, 184, 249, 80, 301"
178,QcwinI60dFY5nd7ZwXZphA,"adI5BlJCtvWq2uAwmyndXA, vL44Ky9VxUtOgteyHasRIA, PiT0jyLL2Jwm2ODTDapOcg, GS06uO84yKQpa7oezgVZgQ, E7s0QreUJ2H9r0Ls1yDeiQ, nJdNzQ5Z278gTCFJ4HQBLA, W-kOZ946xRWBJZvxXhJ7DA, IWNPEvd3o6GHi60MxnPCVQ, 2HMvoTz_hw0noLzBWmyxcA, LUhVj-r2TtmFx6cyF9ilJg","482, 787, 860, 572, 65, 250, 97, 588, 715, 80"
179,-ZBReTMh4DEGjc9XtteCtg,"hJNjKc4sKgWG__KitlJ1ag, xEBRgLnqQ9bYkxTyyR3MNQ, 8axxI33rUyswfRk_v3vS0A, tuucCa40AmTMUEVNerGe9w, 4owK2zpqI7qQ774DSNTkjQ, z57omnqRcAODGwbwMHEIyw, gtx0OZnN98YXAASyMzv3hw, W-kOZ946xRWBJZvxXhJ7DA, aJvi4k0ndFlGBzSZzcbnTw, PiT0jyLL2Jwm2ODTDapOcg","732, 204, 216, 220, 850, 301, 609, 97, 601, 860"
180,mBcFST0p0wFnqYUGjtZ4lg,"6MR9GZjWjLAS3s39YdDXKw, se9MhDAQjACYMO3LCIfT1Q, hJNjKc4sKgWG__KitlJ1ag, 8PmbCVEjWGPouD1Tst6FsQ, APN05ziH92oIox8EMxcceg, FMoKoSHgitwnt_iMWm31nQ, xWuzWH8qYaa75REqVd9Isw, zc_ptb03jQiXnWGwmpAk0A, Q0fcX_1wvdmffqEPa246rg, AUiX65HxQqwk1yvsBcbTdQ","105, 625, 732, 575, 249, 218, 817, 547, 129, 368"
181,xux7pwny7edNxhUmPPpFkg,"hJNjKc4sKgWG__KitlJ1ag, 563C7-HcjhZwZSl4fK-mfQ, cgEzHZQKhi2anXfyF75MQw, qeFGUu1WPvMMNn5Hno6D-Q, Q0fcX_1wvdmffqEPa246rg, _TqUO2XaxLQ9i_z3RM8puQ, MuVIpRAEkNfRnmhsPTdl3A, FMoKoSHgitwnt_iMWm31nQ, APN05ziH92oIox8EMxcceg, nJdNzQ5Z278gTCFJ4HQBLA","732, 184, 504, 543, 129, 875, 773, 218, 249, 250"
182,93vyTaJgzQRQO4Zs9Cg_pw,"nJdNzQ5Z278gTCFJ4HQBLA, 3hjLxqqEfnBhwL6ecave_g, UqcK-YuHPzcWQtNjmhTb7g, adI5BlJCtvWq2uAwmyndXA, 366NwqHwhOic5pBN1DjmDQ, aHYIubjRbTLB3o_eXkrMXA, 8Haoz9Mil7ZnHGU48sgBtw, EiYE3T3hfqcpcficZ4zJzQ, 563C7-HcjhZwZSl4fK-mfQ, J_KI8rJa_dSwTglUbwFcdw","250, 232, 667, 482, 335, 764, 755, 520, 184, 627"
183,fQKue8ExT7MGxFcaxBWAIQ,"BmrVL3Aj5usPfpu5DE1iCg, DdfvQ1hZOB0-ra7pu-wwoA, QMySP-qHdwQNZY0gDba0ng, IO8J6QJsdFeuso1Xmp3YtA, z-3ZDmVbHZjDrYZE42yKZA, 2HMvoTz_hw0noLzBWmyxcA, 563C7-HcjhZwZSl4fK-mfQ, sH-11zOhWubXobEeuMo2gg, PiT0jyLL2Jwm2ODTDapOcg, kMRYwa1IOb-WJzDW-Cqdhw","616, 207, 67, 595, 134, 715, 184, 867, 860, 194"
184,HYJUTUxMzyLyniE5tFoE-g,"563C7-HcjhZwZSl4fK-mfQ, sH-11zOhWubXobEeuMo2gg, z57omnqRcAODGwbwMHEIyw, lrPNLw0zbfzgWrWINMjsNw, EKEPtNKJdZxRhYoFhuG8ew, yYh6t6a_0LGLVS_MNYEHsQ, FMoKoSHgitwnt_iMWm31nQ, xOZ7bkrttSIGS4NZm49w5Q, Vtahv3Af90H3fUuEEhPhdQ, nbF7bEjx_4lQJ3t6aVqFjA","184, 867, 301, 878, 687, 923, 218, 213, 138, 645"
185,fac2ymxeYW7tu6ysUGzaNw,"xOZ7bkrttSIGS4NZm49w5Q, tD1veHsKELAH3b7wKmHsaw, V8vKFvdrvhTrQrt-rxKrPA, s7TMkWF36dwwD8R3TKsJqw, xjBvbDmbsA0VX-vA55SbAA, 8axxI33rUyswfRk_v3vS0A, 563C7-HcjhZwZSl4fK-mfQ, nJdNzQ5Z278gTCFJ4HQBLA, se9MhDAQjACYMO3LCIfT1Q, 4owK2zpqI7qQ774DSNTkjQ","213, 231, 294, 310, 12, 216, 184, 250, 625, 850"
186,bwS0UtV5XH-5BnkKdflyIg,"3hjLxqqEfnBhwL6ecave_g, D2smJ2r0RrVoe0aGlT-2wA, Fppy5re0jwpdHcRVRPlBOw, BmrVL3Aj5usPfpu5DE1iCg, cBHMUESPj4SNs65Xv6xWRA, xWuzWH8qYaa75REqVd9Isw, 8axxI33rUyswfRk_v3vS0A, L4ivYHVCDpIE0SrPaCn0LA, GbRN507iOJ6JOU-dixk-PQ, 563C7-HcjhZwZSl4fK-mfQ","232, 657, 251, 616, 304, 817, 216, 81, 606, 184"
187,aLyUjrk69wzNe8828nmwvA,"3hjLxqqEfnBhwL6ecave_g, pM4mWLjeaZJlcdUxut2lMg, 563C7-HcjhZwZSl4fK-mfQ, l_tk3iLmyKfBUCK-6nBbHg, 6MR9GZjWjLAS3s39YdDXKw, xEBRgLnqQ9bYkxTyyR3MNQ, S1eha-aT5c7WMk7lDLsW0A, Kcg5iMwYq5ibBuEhDXKx3Q, Rx85NUdD6MhrgKxHr05NlQ, tD1veHsKELAH3b7wKmHsaw","232, 247, 184, 267, 105, 204, 515, 425, 381, 231"
188,mgqLOj2fYPriJwfpx1bEWA,"FMoKoSHgitwnt_iMWm31nQ, z57omnqRcAODGwbwMHEIyw, xOZ7bkrttSIGS4NZm49w5Q, 563C7-HcjhZwZSl4fK-mfQ, S1eha-aT5c7WMk7lDLsW0A, qeFGUu1WPvMMNn5Hno6D-Q, WWKFIRzivYgCWbsSRwtIAw, sgawLt-htNEwUh8Wmp3hHQ, J_KI8rJa_dSwTglUbwFcdw, csbBCysrsifg8N10c0eHCA","218, 301, 213, 184, 515, 543, 746, 142, 627, 733"
189,_AkImqSimksxIDIVq4V-dA,"vL44Ky9VxUtOgteyHasRIA, e8ohWYW8rbOZWZ4pojU4zQ, 2vOHS-_p5ylEf0BGR1dO9w, cgEzHZQKhi2anXfyF75MQw, z57omnqRcAODGwbwMHEIyw, L4ivYHVCDpIE0SrPaCn0LA, 563C7-HcjhZwZSl4fK-mfQ, csbBCysrsifg8N10c0eHCA, o9KcGDv2Lkbtit7mxZs8qA, AUiX65HxQqwk1yvsBcbTdQ","787, 438, 159, 504, 301, 81, 184, 733, 554, 368"
190,QLecW-87QIdnwBnVH1mDBQ,"vL44Ky9VxUtOgteyHasRIA, S1eha-aT5c7WMk7lDLsW0A, AUiX65HxQqwk1yvsBcbTdQ, 85Y24Itl548cCCVV2d8HxQ, se9MhDAQjACYMO3LCIfT1Q, E7s0QreUJ2H9r0Ls1yDeiQ, 563C7-HcjhZwZSl4fK-mfQ, s7TMkWF36dwwD8R3TKsJqw, cgEzHZQKhi2anXfyF75MQw, 2vOHS-_p5ylEf0BGR1dO9w","787, 515, 368, 369, 625, 65, 184, 310, 504, 159"
191,sZ7Yj68IqrPXVSs0hsfUJg,"z57omnqRcAODGwbwMHEIyw, 563C7-HcjhZwZSl4fK-mfQ, se9MhDAQjACYMO3LCIfT1Q, AUiX65HxQqwk1yvsBcbTdQ, Q0fcX_1wvdmffqEPa246rg, qeFGUu1WPvMMNn5Hno6D-Q, nJdNzQ5Z278gTCFJ4HQBLA, _TqUO2XaxLQ9i_z3RM8puQ, FMoKoSHgitwnt_iMWm31nQ, Fx4ONDdL_3eM-KCQ49WUSQ","301, 184, 625, 368, 129, 543, 250, 875, 218, 491"
192,Kmq1ggxmcd-gdY6imsrfww,"z57omnqRcAODGwbwMHEIyw, FMoKoSHgitwnt_iMWm31nQ, voaZjLwStQEq9-wj7hFYBQ, xjBvbDmbsA0VX-vA55SbAA, se9MhDAQjACYMO3LCIfT1Q, APN05ziH92oIox8EMxcceg, Fx4ONDdL_3eM-KCQ49WUSQ, aoBI2tfIwYI7pjEhhTJ6YQ, F3xksTtZUfanOcLQqJn0eQ, 0SBDr7GJAFzKECE7IIWfJA","301, 218, 800, 12, 625, 249, 491, 833, 405, 785"
193,ojkg8l3E_FDNnAqjKtEioQ,"E7s0QreUJ2H9r0Ls1yDeiQ, ZOyBVpeSQ7sYDeZa_v0MFw, xWuzWH8qYaa75REqVd9Isw, Q0fcX_1wvdmffqEPa246rg, 8PmbCVEjWGPouD1Tst6FsQ, 8Haoz9Mil7ZnHGU48sgBtw, yYh6t6a_0LGLVS_MNYEHsQ, xOZ7bkrttSIGS4NZm49w5Q, cgEzHZQKhi2anXfyF75MQw, yv8m3r2v3xQtDCYnwJa99Q","65, 448, 817, 129, 575, 755, 923, 213, 504, 222"
194,Yt_y59nDDmf1lDepYnshtA,"z-3ZDmVbHZjDrYZE42yKZA, 2HMvoTz_hw0noLzBWmyxcA, E7s0QreUJ2H9r0Ls1yDeiQ, ZOyBVpeSQ7sYDeZa_v0MFw, PiT0jyLL2Jwm2ODTDapOcg, NW3KM7K7ywzEfqk3OR4tAQ, vL44Ky9VxUtOgteyHasRIA, cgEzHZQKhi2anXfyF75MQw, W-kOZ946xRWBJZvxXhJ7DA, GdzCnx5OWURyklzTjaQIPw","134, 715, 65, 448, 860, 717, 787, 504, 97, 592"
195,ud0mbXHCpQ9mxQrQfwUemg,"xOZ7bkrttSIGS4NZm49w5Q, nJdNzQ5Z278gTCFJ4HQBLA, xbCNlp2vWixy2W1WsfGv8g, z57omnqRcAODGwbwMHEIyw, Jwp4UFa93ENe-0REPo5hCQ, 2vOHS-_p5ylEf0BGR1dO9w, Q0fcX_1wvdmffqEPa246rg, se9MhDAQjACYMO3LCIfT1Q, AUiX65HxQqwk1yvsBcbTdQ, csbBCysrsifg8N10c0eHCA","213, 250, 252, 301, 574, 159, 129, 625, 368, 733"
196,7vZzu-o3eCgQaf7nPfYY5A,"563C7-HcjhZwZSl4fK-mfQ, cgEzHZQKhi2anXfyF75MQw, 366NwqHwhOic5pBN1DjmDQ, xWuzWH8qYaa75REqVd9Isw, xCeiBRuvqYXDXp9Vw7gmXw, J_KI8rJa_dSwTglUbwFcdw, FMoKoSHgitwnt_iMWm31nQ, 8axxI33rUyswfRk_v3vS0A, nbJXmGpdCxiBnovBkBtWcA, DdfvQ1hZOB0-ra7pu-wwoA","184, 504, 335, 817, 607, 627, 218, 216, 887, 207"
197,AV17hCPp3TJckyHT21i9lw,"563C7-HcjhZwZSl4fK-mfQ, ZOyBVpeSQ7sYDeZa_v0MFw, xOZ7bkrttSIGS4NZm49w5Q, sH-11zOhWubXobEeuMo2gg, z57omnqRcAODGwbwMHEIyw, g_fGPZJlGeKGLgC-j-tj6w, hz0ldhBHu5M4ri9M_mkOdQ, aJvi4k0ndFlGBzSZzcbnTw, 2aiaryk7kgUBhXhVu-9vHg, XarxHcmxyjvhzoROMTLyMg","184, 448, 213, 867, 301, 366, 656, 601, 789, 795"
198,-V3iXmuL568kFvfJKBXROA,"47Uu-2MceSRFmohdzCOvGQ, gtx0OZnN98YXAASyMzv3hw, xWuzWH8qYaa75REqVd9Isw, se9MhDAQjACYMO3LCIfT1Q, BmrVL3Aj5usPfpu5DE1iCg, g_fGPZJlGeKGLgC-j-tj6w, Kcg5iMwYq5ibBuEhDXKx3Q, te-QMdSMQdjws6NnRexjJQ, lrPNLw0zbfzgWrWINMjsNw, V8vKFvdrvhTrQrt-rxKrPA","481, 609, 817, 625, 616, 366, 425, 490, 878, 294"
199,KMrUM3hIAjbRJbZ_pbcUxQ,"nJdNzQ5Z278gTCFJ4HQBLA, KMlY-L1oAL3qMQnwQCJPhQ, z57omnqRcAODGwbwMHEIyw, se9MhDAQjACYMO3LCIfT1Q, 47Uu-2MceSRFmohdzCOvGQ, IWNPEvd3o6GHi60MxnPCVQ, pM4mWLjeaZJlcdUxut2lMg, gqsU03i-WiyYHcBCdwObuQ, _jNe_vwxiEh0G9JRZByc0w, N8hUGYmf0jEO9eDzmYHuAw","250, 61, 301, 625, 481, 588, 247, 245, 243, 821"
200,_NvaWihvoqp0ZZfkhG3sig,"se9MhDAQjACYMO3LCIfT1Q, 9RKjjuTQYkYpGmCtfVsTZQ, FMoKoSHgitwnt_iMWm31nQ, z57omnqRcAODGwbwMHEIyw, 563C7-HcjhZwZSl4fK-mfQ, tD1veHsKELAH3b7wKmHsaw, E7s0QreUJ2H9r0Ls1yDeiQ, 0HyuO5rOKeaa08TFzjIJIA, _jNe_vwxiEh0G9JRZByc0w, xOZ7bkrttSIGS4NZm49w5Q","625, 706, 218, 301, 184, 231, 65, 16, 243, 213"
201,mbtri0iWlGf-Qd25JQ_UBA,"vL44Ky9VxUtOgteyHasRIA, 563C7-HcjhZwZSl4fK-mfQ, xbCNlp2vWixy2W1WsfGv8g, pqA05iS3QlpEVQlnECcSwQ, Kcg5iMwYq5ibBuEhDXKx3Q, 5Iin0tl6QJT_TyL1BldtyA, Q0fcX_1wvdmffqEPa246rg, hz0ldhBHu5M4ri9M_mkOdQ, se9MhDAQjACYMO3LCIfT1Q, qesu3mk5yHeak9CUO4gRdQ","787, 184, 252, 339, 425, 125, 129, 656, 625, 583"
202,2ROguWudHPAM-m5DNRvMPQ,"ZMcd7w-yDhFRLSwvJBV1VQ, J_KI8rJa_dSwTglUbwFcdw, adI5BlJCtvWq2uAwmyndXA, R79Hir871EF-kRLIBPy9qg, xbCNlp2vWixy2W1WsfGv8g, _jNe_vwxiEh0G9JRZByc0w, aIs7Tt3pw6ymj3FOPPR4Ng, z57omnqRcAODGwbwMHEIyw, IWNPEvd3o6GHi60MxnPCVQ, FMoKoSHgitwnt_iMWm31nQ","829, 627, 482, 698, 252, 243, 26, 301, 588, 218"
203,0lgr88M1Wdzy9iBQbL6L2g,"2HMvoTz_hw0noLzBWmyxcA, Q0fcX_1wvdmffqEPa246rg, se9MhDAQjACYMO3LCIfT1Q, 563C7-HcjhZwZSl4fK-mfQ, QMySP-qHdwQNZY0gDba0ng, 36jGZp7V0jLnPCYmRipUCg, S1eha-aT5c7WMk7lDLsW0A, 5Iin0tl6QJT_TyL1BldtyA, E7s0QreUJ2H9r0Ls1yDeiQ, sH-11zOhWubXobEeuMo2gg","715, 129, 625, 184, 67, 790, 515, 125, 65, 867"
204,B-edcZUr01jugv_B29plDw,"PiT0jyLL2Jwm2ODTDapOcg, ksP8426d2qN-mg-JDpkRVQ, BmrVL3Aj5usPfpu5DE1iCg, B9gUwTS1_Yzj2vajjC7Vmg, sjrTFzrb7_pzzBEpC-BvpA, 47Uu-2MceSRFmohdzCOvGQ, qesu3mk5yHeak9CUO4gRdQ, z57omnqRcAODGwbwMHEIyw, 3UqJKEDIh7o0aTtVUo187Q, _jNe_vwxiEh0G9JRZByc0w","860, 908, 616, 510, 806, 481, 583, 301, 521, 243"
205,SfY0jEFqBkrqq9bVi6P31Q,"nJdNzQ5Z278gTCFJ4HQBLA, FMoKoSHgitwnt_iMWm31nQ, J_KI8rJa_dSwTglUbwFcdw, g_fGPZJlGeKGLgC-j-tj6w, gtx0OZnN98YXAASyMzv3hw, BmrVL3Aj5usPfpu5DE1iCg, s7TMkWF36dwwD8R3TKsJqw, IgicVjRYx6fB5n5z4t6xBA, se9MhDAQjACYMO3LCIfT1Q, l_tk3iLmyKfBUCK-6nBbHg","250, 218, 627, 366, 609, 616, 310, 300, 625, 267"
206,T6W1v13bzNQM20vrAcTYHg,"nJdNzQ5Z278gTCFJ4HQBLA, 366NwqHwhOic5pBN1DjmDQ, BmrVL3Aj5usPfpu5DE1iCg, B9gUwTS1_Yzj2vajjC7Vmg, KMlY-L1oAL3qMQnwQCJPhQ, GS06uO84yKQpa7oezgVZgQ, E7s0QreUJ2H9r0Ls1yDeiQ, 563C7-HcjhZwZSl4fK-mfQ, XahLCgicRsLPb0TSMAIQtw, utYpyFOjNisHl1h7lDGSGA","250, 335, 616, 510, 61, 572, 65, 184, 534, 460"
207,jJ-MRytfgNEzutY8TBxJKw,"z57omnqRcAODGwbwMHEIyw, KMlY-L1oAL3qMQnwQCJPhQ, 6MR9GZjWjLAS3s39YdDXKw, xOZ7bkrttSIGS4NZm49w5Q, xbCNlp2vWixy2W1WsfGv8g, l_tk3iLmyKfBUCK-6nBbHg, sH-11zOhWubXobEeuMo2gg, IWNPEvd3o6GHi60MxnPCVQ, qeFGUu1WPvMMNn5Hno6D-Q, KWPhAfod__yKvjH-LG4bjg","301, 61, 105, 213, 252, 267, 867, 588, 543, 560"
208,sP_NnexHbu0eqJVmtCOZQQ,"APN05ziH92oIox8EMxcceg, hJNjKc4sKgWG__KitlJ1ag, AUiX65HxQqwk1yvsBcbTdQ, se9MhDAQjACYMO3LCIfT1Q, BmrVL3Aj5usPfpu5DE1iCg, te-QMdSMQdjws6NnRexjJQ, Q0fcX_1wvdmffqEPa246rg, cgEzHZQKhi2anXfyF75MQw, nJdNzQ5Z278gTCFJ4HQBLA, I1j1kEbQ5BliKsjzl5etVA","249, 732, 368, 625, 616, 490, 129, 504, 250, 465"
209,XyOlmy-Tc6DPfw5stMJ_zA,"563C7-HcjhZwZSl4fK-mfQ, xjBvbDmbsA0VX-vA55SbAA, 9RKjjuTQYkYpGmCtfVsTZQ, hJNjKc4sKgWG__KitlJ1ag, gtx0OZnN98YXAASyMzv3hw, Q1XCsLlyXZJU0ZjuVCcM4A, SD3ZyFR5ZjFneWpYhT6tLg, _TqUO2XaxLQ9i_z3RM8puQ, 2vOHS-_p5ylEf0BGR1dO9w, Rx85NUdD6MhrgKxHr05NlQ","184, 12, 706, 732, 609, 876, 169, 875, 159, 381"
210,1Xm4Nea4ikRokE0Nlt-dwg,"z57omnqRcAODGwbwMHEIyw, xOZ7bkrttSIGS4NZm49w5Q, lrPNLw0zbfzgWrWINMjsNw, 4NWMr9xSPImqdwDgYvrwXQ, AUiX65HxQqwk1yvsBcbTdQ, 9RKjjuTQYkYpGmCtfVsTZQ, g_fGPZJlGeKGLgC-j-tj6w, 3hjLxqqEfnBhwL6ecave_g, ksP8426d2qN-mg-JDpkRVQ, 41vgh9z4OSJfbgOy57qh0Q","301, 213, 878, 72, 368, 706, 366, 232, 908, 590"
211,JkP7WtmnqmGctb1QFulVcw,"se9MhDAQjACYMO3LCIfT1Q, 563C7-HcjhZwZSl4fK-mfQ, AUiX65HxQqwk1yvsBcbTdQ, E7s0QreUJ2H9r0Ls1yDeiQ, Q0fcX_1wvdmffqEPa246rg, L4ivYHVCDpIE0SrPaCn0LA, Vtahv3Af90H3fUuEEhPhdQ, nJdNzQ5Z278gTCFJ4HQBLA, EKEPtNKJdZxRhYoFhuG8ew, 6MR9GZjWjLAS3s39YdDXKw","625, 184, 368, 65, 129, 81, 138, 250, 687, 105"
212,KerXo7TQpmSSeZIv7zXxzw,"se9MhDAQjACYMO3LCIfT1Q, W-kOZ946xRWBJZvxXhJ7DA, V8vKFvdrvhTrQrt-rxKrPA, 563C7-HcjhZwZSl4fK-mfQ, adI5BlJCtvWq2uAwmyndXA, 8PmbCVEjWGPouD1Tst6FsQ, Vtahv3Af90H3fUuEEhPhdQ, csbBCysrsifg8N10c0eHCA, VdBpfLna-sn83cdKmSkxOg, MuVIpRAEkNfRnmhsPTdl3A","625, 97, 294, 184, 482, 575, 138, 733, 200, 773"
213,IpE_BSBMUl55FJfsi7-tuQ,"nJdNzQ5Z278gTCFJ4HQBLA, z57omnqRcAODGwbwMHEIyw, xWuzWH8qYaa75REqVd9Isw, 563C7-HcjhZwZSl4fK-mfQ, GdzCnx5OWURyklzTjaQIPw, 6MR9GZjWjLAS3s39YdDXKw, se9MhDAQjACYMO3LCIfT1Q, Sagzs4cd0ruWEK_T9DaFHg, Q0fcX_1wvdmffqEPa246rg, BmrVL3Aj5usPfpu5DE1iCg","250, 301, 817, 184, 592, 105, 625, 480, 129, 616"
214,mTH7-QA2H9auoUi9no10Ww,"E_scgX9Vws9adbh4i_QJnQ, E7s0QreUJ2H9r0Ls1yDeiQ, KL1oif2ocGH2dJ4w-oT_Mg, se9MhDAQjACYMO3LCIfT1Q, 85Y24Itl548cCCVV2d8HxQ, s7TMkWF36dwwD8R3TKsJqw, S1eha-aT5c7WMk7lDLsW0A, gqsU03i-WiyYHcBCdwObuQ, qesu3mk5yHeak9CUO4gRdQ, lrPNLw0zbfzgWrWINMjsNw","719, 65, 538, 625, 369, 310, 515, 245, 583, 878"
215,ctatGRZqs9urE-OfV1rDug,"7Oi6eT_-h_9JlMqRsEdt3A, 366NwqHwhOic5pBN1DjmDQ, qDPn14lenAGehkbnJaqnYg, cgEzHZQKhi2anXfyF75MQw, csbBCysrsifg8N10c0eHCA, Kcg5iMwYq5ibBuEhDXKx3Q, EiYE3T3hfqcpcficZ4zJzQ, hz0ldhBHu5M4ri9M_mkOdQ, Rx85NUdD6MhrgKxHr05NlQ, l_tk3iLmyKfBUCK-6nBbHg","598, 335, 263, 504, 733, 425, 520, 656, 381, 267"
216,7jhPCj640UXpNKlwgZbKYA,"IYdv6RxSiqz2XMsqkiTmPQ, qmcIsZjLpxd0V4RekSozmA, aJkxkjYvi89gHIOomnjGVQ, vL44Ky9VxUtOgteyHasRIA, qesu3mk5yHeak9CUO4gRdQ, 7Oi6eT_-h_9JlMqRsEdt3A, nJdNzQ5Z278gTCFJ4HQBLA, xbCNlp2vWixy2W1WsfGv8g, 8PmbCVEjWGPouD1Tst6FsQ, 4owK2zpqI7qQ774DSNTkjQ","818, 432, 864, 787, 583, 598, 250, 252, 575, 850"
217,XrLXLru68mqIire2txXD7Q,"gqsU03i-WiyYHcBCdwObuQ, z57omnqRcAODGwbwMHEIyw, l_tk3iLmyKfBUCK-6nBbHg, xCeiBRuvqYXDXp9Vw7gmXw, pM4mWLjeaZJlcdUxut2lMg, PaH33N0LI-qitEtS9aMKxg, sH-11zOhWubXobEeuMo2gg, srBBM1JiO9wo1OAHieBu-w, 6MR9GZjWjLAS3s39YdDXKw, 6Kl2SQp-zGo-nsdImLykxw","245, 301, 267, 607, 247, 77, 867, 455, 105, 110"
218,8b5H6tG1riOQw2mEVrO--A,"z57omnqRcAODGwbwMHEIyw, vL44Ky9VxUtOgteyHasRIA, jAdh1mDxSCCOmV_6UpYMow, S1eha-aT5c7WMk7lDLsW0A, t4pxMWLb7wDMsmURxYkUYQ, sH-11zOhWubXobEeuMo2gg, aIs7Tt3pw6ymj3FOPPR4Ng, qesu3mk5yHeak9CUO4gRdQ, KtUuxN2gZXeC7WpJ_w9hNg, nMZGrdWi5F44Q__3Xw4VAg","301, 787, 440, 515, 41, 867, 26, 583, 866, 570"
219,10RpPp6zKOTkJwE6JE7Ung,"W-kOZ946xRWBJZvxXhJ7DA, p_T-vHYrQ0HNHNTdIzkEeg, x5stEsLXNzS3WTy5YhdLlA, 0XcOq9ibk5DSXGcX1d0_rA, WWKFIRzivYgCWbsSRwtIAw, 6H6LY12AMFk6mk6g-RhJGA, OvbLKXkJCg8ZMHX9L5faIA, vy5dhJyQ_VC1NUpPMmRUlw, mX58qv1o62qWtP4OsIYdYg, z57omnqRcAODGwbwMHEIyw","97, 823, 685, 49, 746, 603, 919, 289, 156, 301"
220,nr3S8p-lpf7K9W58eo_mLQ,"mVZoin0a8uTZgLsgJ9iNDQ, APN05ziH92oIox8EMxcceg, Q0fcX_1wvdmffqEPa246rg, KL1oif2ocGH2dJ4w-oT_Mg, 6MR9GZjWjLAS3s39YdDXKw, -JPz4W7MPOy-rQO8OKNk0g, 8PmbCVEjWGPouD1Tst6FsQ, nbJXmGpdCxiBnovBkBtWcA, WUAe0FGaLRCremEDXqNV4A, Cm4m2WFg6h56nwjAcmgZhg","918, 249, 129, 538, 105, 705, 575, 887, 838, 675"
221,K1tDoNEHiaAi-k4SFhCAng,"563C7-HcjhZwZSl4fK-mfQ, S1eha-aT5c7WMk7lDLsW0A, gONO6UIMj8kFo1IvnROuuQ, xWuzWH8qYaa75REqVd9Isw, 2HMvoTz_hw0noLzBWmyxcA, se9MhDAQjACYMO3LCIfT1Q, B9gUwTS1_Yzj2vajjC7Vmg, vrEwYWESbL5fDEzdZacJnA, 0HyuO5rOKeaa08TFzjIJIA, FMoKoSHgitwnt_iMWm31nQ","184, 515, 94, 817, 715, 625, 510, 411, 16, 218"
222,0VyDSM1uIrTU8LfaFh8JdA,"BXeXS9EaNN03AptFwElvjA, S9XKKA1evhRh16zrXpSF7g, sH-11zOhWubXobEeuMo2gg, LUhVj-r2TtmFx6cyF9ilJg, PiT0jyLL2Jwm2ODTDapOcg, S1eha-aT5c7WMk7lDLsW0A, nJdNzQ5Z278gTCFJ4HQBLA, csbBCysrsifg8N10c0eHCA, hJNjKc4sKgWG__KitlJ1ag, hz0ldhBHu5M4ri9M_mkOdQ","269, 694, 867, 80, 860, 515, 250, 733, 732, 656"
223,TNxBN-tg_2U0vBnTw-LZKQ,"6Kl2SQp-zGo-nsdImLykxw, nJdNzQ5Z278gTCFJ4HQBLA, 563C7-HcjhZwZSl4fK-mfQ, Rx85NUdD6MhrgKxHr05NlQ, 8PmbCVEjWGPouD1Tst6FsQ, e8ohWYW8rbOZWZ4pojU4zQ, pM4mWLjeaZJlcdUxut2lMg, xjBvbDmbsA0VX-vA55SbAA, MuVIpRAEkNfRnmhsPTdl3A, AUiX65HxQqwk1yvsBcbTdQ","110, 250, 184, 381, 575, 438, 247, 12, 773, 368"
