number,user,restaurant_names
1,yfXqZkU5iXE07GSHzdsQBA,"z-3ZDmVbHZjDrYZE42yKZA, xbCNlp2vWixy2W1WsfGv8g, EKEPtNKJdZxRhYoFhuG8ew, 8PmbCVEjWGPouD1Tst6FsQ, V0tRCjf95FTqVJvmxdeqbQ, QMySP-qHdwQNZY0gDba0ng, E7s0QreUJ2H9r0Ls1yDeiQ, Q0fcX_1wvdmffqEPa246rg, _jNe_vwxiEh0G9JRZByc0w, r3U-3yOP1ZB8Yu8Gv0Auwg"
2,hutJzKEYHuVq6CP-XSARgg,"adI5BlJCtvWq2uAwmyndXA, hJNjKc4sKgWG__KitlJ1ag, aIs7Tt3pw6ymj3FOPPR4Ng, 5Iin0tl6QJT_TyL1BldtyA, QMySP-qHdwQNZY0gDba0ng, sxuEde0_sVFY-Uk9gpHy_g, 36jGZp7V0jLnPCYmRipUCg, Q0fcX_1wvdmffqEPa246rg, xWuzWH8qYaa75REqVd9Isw, BmrVL3Aj5usPfpu5DE1iCg"
3,2UkZKQBZVuroUBKYs9WzeQ,"Q0fcX_1wvdmffqEPa246rg, I1j1kEbQ5BliKsjzl5etVA, BmrVL3Aj5usPfpu5DE1iCg, KL1oif2ocGH2dJ4w-oT_Mg, xbCNlp2vWixy2W1WsfGv8g, xWuzWH8qYaa75REqVd9Isw, J_KI8rJa_dSwTglUbwFcdw, 563C7-HcjhZwZSl4fK-mfQ, JOqWln_EB_f6RUSTxl04dQ, Rx85NUdD6MhrgKxHr05NlQ"
4,hihNuqYNKDwAwHeGNURE_g,"DlnMwCDIxQ-o5kNMAfOs1g, ZMcd7w-yDhFRLSwvJBV1VQ, ZOyBVpeSQ7sYDeZa_v0MFw, Q0fcX_1wvdmffqEPa246rg, 6MR9GZjWjLAS3s39YdDXKw, I1j1kEbQ5BliKsjzl5etVA, lWRbdK9YABr0auLG19FHhQ, zc_ptb03jQiXnWGwmpAk0A, sH-11zOhWubXobEeuMo2gg, MxHZ5XwIQWnJFTw9gZxAIg"
5,fmpcYRlirLlHuH_R7U-mew,"pM4mWLjeaZJlcdUxut2lMg, LUhVj-r2TtmFx6cyF9ilJg, Vtahv3Af90H3fUuEEhPhdQ, aHYIubjRbTLB3o_eXkrMXA, tuucCa40AmTMUEVNerGe9w, adI5BlJCtvWq2uAwmyndXA, gtx0OZnN98YXAASyMzv3hw, xbCNlp2vWixy2W1WsfGv8g, 563C7-HcjhZwZSl4fK-mfQ, oehWJ_dAlzU9C65b7zzKbQ"
6,B3DNjsZ3gRRsWYro4auztg,"FMoKoSHgitwnt_iMWm31nQ, 563C7-HcjhZwZSl4fK-mfQ, _TqUO2XaxLQ9i_z3RM8puQ, xOZ7bkrttSIGS4NZm49w5Q, B9gUwTS1_Yzj2vajjC7Vmg, z57omnqRcAODGwbwMHEIyw, QMySP-qHdwQNZY0gDba0ng, se9MhDAQjACYMO3LCIfT1Q, BTDPN3hMRrENFZNb76lPKw, nJdNzQ5Z278gTCFJ4HQBLA"
7,fuCGYSGs4gfeSJ9hc3xiug,"Q0fcX_1wvdmffqEPa246rg, xOZ7bkrttSIGS4NZm49w5Q, R79Hir871EF-kRLIBPy9qg, hJNjKc4sKgWG__KitlJ1ag, nbJXmGpdCxiBnovBkBtWcA, KMlY-L1oAL3qMQnwQCJPhQ, se9MhDAQjACYMO3LCIfT1Q, xbCNlp2vWixy2W1WsfGv8g, e8ohWYW8rbOZWZ4pojU4zQ, yYh6t6a_0LGLVS_MNYEHsQ"
8,eFqg1qaOBHq_Od6fRlMcWA,"S1eha-aT5c7WMk7lDLsW0A, xjBvbDmbsA0VX-vA55SbAA, 563C7-HcjhZwZSl4fK-mfQ, se9MhDAQjACYMO3LCIfT1Q, Sqwa2aNwnqCmc95gVWQ9bA, nJdNzQ5Z278gTCFJ4HQBLA, WUAe0FGaLRCremEDXqNV4A, lWRbdK9YABr0auLG19FHhQ, z-3ZDmVbHZjDrYZE42yKZA, 8PmbCVEjWGPouD1Tst6FsQ"
9,KvFQ5iAir60bO-ZyaXwb-w,"E7s0QreUJ2H9r0Ls1yDeiQ, se9MhDAQjACYMO3LCIfT1Q, 8PmbCVEjWGPouD1Tst6FsQ, qmcIsZjLpxd0V4RekSozmA, KMlY-L1oAL3qMQnwQCJPhQ, vy5dhJyQ_VC1NUpPMmRUlw, vL44Ky9VxUtOgteyHasRIA, WUAe0FGaLRCremEDXqNV4A, l_tk3iLmyKfBUCK-6nBbHg, 47Uu-2MceSRFmohdzCOvGQ"
10,1-UXAFmZILDj_orrac7GPA,"563C7-HcjhZwZSl4fK-mfQ, ZMcd7w-yDhFRLSwvJBV1VQ, 366NwqHwhOic5pBN1DjmDQ, E7s0QreUJ2H9r0Ls1yDeiQ, voaZjLwStQEq9-wj7hFYBQ, mVZoin0a8uTZgLsgJ9iNDQ, GdzCnx5OWURyklzTjaQIPw, APN05ziH92oIox8EMxcceg, GbRN507iOJ6JOU-dixk-PQ, AEVNOYRr8ZsG1bj3NuEKgA"
11,SG9gzOvhFXjTnmZD6IEV1w,"2HMvoTz_hw0noLzBWmyxcA, se9MhDAQjACYMO3LCIfT1Q, 3hjLxqqEfnBhwL6ecave_g, mVZoin0a8uTZgLsgJ9iNDQ, 9XFW6HnKTrGv1CBY8B4zJw, 366NwqHwhOic5pBN1DjmDQ, nJdNzQ5Z278gTCFJ4HQBLA, 563C7-HcjhZwZSl4fK-mfQ, nbJXmGpdCxiBnovBkBtWcA, AUiX65HxQqwk1yvsBcbTdQ"
12,bcxcQhp0sKYd9eUnEVUzPA,"3hjLxqqEfnBhwL6ecave_g, 47Uu-2MceSRFmohdzCOvGQ, aIs7Tt3pw6ymj3FOPPR4Ng, 5Iin0tl6QJT_TyL1BldtyA, hz0ldhBHu5M4ri9M_mkOdQ, 8axxI33rUyswfRk_v3vS0A, xbCNlp2vWixy2W1WsfGv8g, V0tRCjf95FTqVJvmxdeqbQ, Kcg5iMwYq5ibBuEhDXKx3Q, 36jGZp7V0jLnPCYmRipUCg"
13,P8qK9bvWta-kDCT0NUyx4g,"2HMvoTz_hw0noLzBWmyxcA, S1eha-aT5c7WMk7lDLsW0A, gqsU03i-WiyYHcBCdwObuQ, xbCNlp2vWixy2W1WsfGv8g, s7TMkWF36dwwD8R3TKsJqw, FMoKoSHgitwnt_iMWm31nQ, MxHZ5XwIQWnJFTw9gZxAIg, xOZ7bkrttSIGS4NZm49w5Q, Rx85NUdD6MhrgKxHr05NlQ, qeFGUu1WPvMMNn5Hno6D-Q"
14,ZpO7BzOM2vmZcUW_m8H2KA,"563C7-HcjhZwZSl4fK-mfQ, QMySP-qHdwQNZY0gDba0ng, kYDkMGQEuQIeSOGZHHjIxA, yv8m3r2v3xQtDCYnwJa99Q, 36jGZp7V0jLnPCYmRipUCg, N1BTJaWnLsCVsJ3I41EPdg, csbBCysrsifg8N10c0eHCA, sH-11zOhWubXobEeuMo2gg, APN05ziH92oIox8EMxcceg, EKEPtNKJdZxRhYoFhuG8ew"
15,xXQTdJXPGOP-NUYctcQw8g,"xjBvbDmbsA0VX-vA55SbAA, 8PmbCVEjWGPouD1Tst6FsQ, 563C7-HcjhZwZSl4fK-mfQ, 3UqJKEDIh7o0aTtVUo187Q, S1eha-aT5c7WMk7lDLsW0A, se9MhDAQjACYMO3LCIfT1Q, K8D_ltZWGvdXUaSE7bBiDw, E7s0QreUJ2H9r0Ls1yDeiQ, z57omnqRcAODGwbwMHEIyw, aIs7Tt3pw6ymj3FOPPR4Ng"
16,CxIsFTy1uWhLJkJaxZQnLg,"8axxI33rUyswfRk_v3vS0A, 2vOHS-_p5ylEf0BGR1dO9w, I1j1kEbQ5BliKsjzl5etVA, 8PmbCVEjWGPouD1Tst6FsQ, APN05ziH92oIox8EMxcceg, XahLCgicRsLPb0TSMAIQtw, xWuzWH8qYaa75REqVd9Isw, hJNjKc4sKgWG__KitlJ1ag, lWRbdK9YABr0auLG19FHhQ, xbCNlp2vWixy2W1WsfGv8g"
17,SXTh-cBuiwUAaaI4hw-bcA,"2HMvoTz_hw0noLzBWmyxcA, rvOvog5Utw3VXBwiSCAl0A, 54JEijqDAJF94WF0BfYO-Q, KWPhAfod__yKvjH-LG4bjg, _jNe_vwxiEh0G9JRZByc0w, 6MR9GZjWjLAS3s39YdDXKw, _TqUO2XaxLQ9i_z3RM8puQ, 563C7-HcjhZwZSl4fK-mfQ, se9MhDAQjACYMO3LCIfT1Q, Q0fcX_1wvdmffqEPa246rg"
18,yb8_BHHcO6DBLDYX0LEKnw,"KMlY-L1oAL3qMQnwQCJPhQ, IYdv6RxSiqz2XMsqkiTmPQ, se9MhDAQjACYMO3LCIfT1Q, BmrVL3Aj5usPfpu5DE1iCg, _jNe_vwxiEh0G9JRZByc0w, S1eha-aT5c7WMk7lDLsW0A, -FQHy8Fkk-YPCoMHsRoZdg, UtdL02pH7TdKSTdAZXOu8Q, W-kOZ946xRWBJZvxXhJ7DA, hz0ldhBHu5M4ri9M_mkOdQ"
19,NIwD0clhd0rAgCOOUeLoFQ,"LUhVj-r2TtmFx6cyF9ilJg, adI5BlJCtvWq2uAwmyndXA, 8PmbCVEjWGPouD1Tst6FsQ, vy5dhJyQ_VC1NUpPMmRUlw, V8vKFvdrvhTrQrt-rxKrPA, WtvDGvduFU-IH1qxrZNcJQ, PiT0jyLL2Jwm2ODTDapOcg, XarxHcmxyjvhzoROMTLyMg, z-3ZDmVbHZjDrYZE42yKZA, vL44Ky9VxUtOgteyHasRIA"
20,NwVyki35xOcaxhMzHNtHDQ,"WUAe0FGaLRCremEDXqNV4A, se9MhDAQjACYMO3LCIfT1Q, 563C7-HcjhZwZSl4fK-mfQ, vL44Ky9VxUtOgteyHasRIA, 47Uu-2MceSRFmohdzCOvGQ, 8PmbCVEjWGPouD1Tst6FsQ, hJNjKc4sKgWG__KitlJ1ag, S1eha-aT5c7WMk7lDLsW0A, aIs7Tt3pw6ymj3FOPPR4Ng, Kcg5iMwYq5ibBuEhDXKx3Q"
21,SlSpryqL91enzQTEnIQ4yQ,"8axxI33rUyswfRk_v3vS0A, Q0fcX_1wvdmffqEPa246rg, WUAe0FGaLRCremEDXqNV4A, ZOyBVpeSQ7sYDeZa_v0MFw, 1X9DnaRUexCmwohV2E-f1g, hJNjKc4sKgWG__KitlJ1ag, PiT0jyLL2Jwm2ODTDapOcg, E7s0QreUJ2H9r0Ls1yDeiQ, vL44Ky9VxUtOgteyHasRIA, yYh6t6a_0LGLVS_MNYEHsQ"
22,5Mujjzv-ZH6HhxT-hWCpVg,"Sqwa2aNwnqCmc95gVWQ9bA, S1eha-aT5c7WMk7lDLsW0A, hz0ldhBHu5M4ri9M_mkOdQ, se9MhDAQjACYMO3LCIfT1Q, xjBvbDmbsA0VX-vA55SbAA, 563C7-HcjhZwZSl4fK-mfQ, V0tRCjf95FTqVJvmxdeqbQ, 8axxI33rUyswfRk_v3vS0A, 5Iin0tl6QJT_TyL1BldtyA, 47Uu-2MceSRFmohdzCOvGQ"
23,3XDGNCH155seEXyEQPMi_w,"vL44Ky9VxUtOgteyHasRIA, W-kOZ946xRWBJZvxXhJ7DA, N8hUGYmf0jEO9eDzmYHuAw, XahLCgicRsLPb0TSMAIQtw, 563C7-HcjhZwZSl4fK-mfQ, 6MR9GZjWjLAS3s39YdDXKw, Kcg5iMwYq5ibBuEhDXKx3Q, cgEzHZQKhi2anXfyF75MQw, J_KI8rJa_dSwTglUbwFcdw, kYDkMGQEuQIeSOGZHHjIxA"
24,rVEQ7nG4Bo7utMcqURxaIQ,"sH-11zOhWubXobEeuMo2gg, vL44Ky9VxUtOgteyHasRIA, vy5dhJyQ_VC1NUpPMmRUlw, _TqUO2XaxLQ9i_z3RM8puQ, XahLCgicRsLPb0TSMAIQtw, hf_TA4bRRnzLQh2XUbqX6w, QMySP-qHdwQNZY0gDba0ng, Q0fcX_1wvdmffqEPa246rg, z-3ZDmVbHZjDrYZE42yKZA, S1eha-aT5c7WMk7lDLsW0A"
25,chG_7z0aA-TMs53pzYZFdg,"E7s0QreUJ2H9r0Ls1yDeiQ, QMySP-qHdwQNZY0gDba0ng, Q0fcX_1wvdmffqEPa246rg, 563C7-HcjhZwZSl4fK-mfQ, FMoKoSHgitwnt_iMWm31nQ, se9MhDAQjACYMO3LCIfT1Q, Rx85NUdD6MhrgKxHr05NlQ, nJdNzQ5Z278gTCFJ4HQBLA, IWNPEvd3o6GHi60MxnPCVQ, hJNjKc4sKgWG__KitlJ1ag"
26,aAVaN6Zw6-cRm5nftmOVJQ,"gtx0OZnN98YXAASyMzv3hw, 2vOHS-_p5ylEf0BGR1dO9w, S1eha-aT5c7WMk7lDLsW0A, 563C7-HcjhZwZSl4fK-mfQ, hJNjKc4sKgWG__KitlJ1ag, vL44Ky9VxUtOgteyHasRIA, z-3ZDmVbHZjDrYZE42yKZA, se9MhDAQjACYMO3LCIfT1Q, FMoKoSHgitwnt_iMWm31nQ, LUhVj-r2TtmFx6cyF9ilJg"
27,rDacT7_YW2-geunGcmgeEw,"S1eha-aT5c7WMk7lDLsW0A, FMoKoSHgitwnt_iMWm31nQ, xbCNlp2vWixy2W1WsfGv8g, aIs7Tt3pw6ymj3FOPPR4Ng, voaZjLwStQEq9-wj7hFYBQ, E7s0QreUJ2H9r0Ls1yDeiQ, 563C7-HcjhZwZSl4fK-mfQ, 3UqJKEDIh7o0aTtVUo187Q, 9RKjjuTQYkYpGmCtfVsTZQ, K8D_ltZWGvdXUaSE7bBiDw"
28,TrSM8ON_YdVASOJmMbwnGA,"563C7-HcjhZwZSl4fK-mfQ, gqsU03i-WiyYHcBCdwObuQ, nJdNzQ5Z278gTCFJ4HQBLA, se9MhDAQjACYMO3LCIfT1Q, o9KcGDv2Lkbtit7mxZs8qA, 36jGZp7V0jLnPCYmRipUCg, adI5BlJCtvWq2uAwmyndXA, LUhVj-r2TtmFx6cyF9ilJg, 8PmbCVEjWGPouD1Tst6FsQ, ZOyBVpeSQ7sYDeZa_v0MFw"
29,asf3NiIfdlbiCUUwCO4iWg,"6MR9GZjWjLAS3s39YdDXKw, KMlY-L1oAL3qMQnwQCJPhQ, csbBCysrsifg8N10c0eHCA, xbCNlp2vWixy2W1WsfGv8g, _TqUO2XaxLQ9i_z3RM8puQ, cgEzHZQKhi2anXfyF75MQw, qesu3mk5yHeak9CUO4gRdQ, 3hjLxqqEfnBhwL6ecave_g, mVZoin0a8uTZgLsgJ9iNDQ, Q0fcX_1wvdmffqEPa246rg"
30,mJJj_SZff6MEWG5Vx1r8Bg,"563C7-HcjhZwZSl4fK-mfQ, 8PmbCVEjWGPouD1Tst6FsQ, vL44Ky9VxUtOgteyHasRIA, 3hjLxqqEfnBhwL6ecave_g, Kcg5iMwYq5ibBuEhDXKx3Q, se9MhDAQjACYMO3LCIfT1Q, xjBvbDmbsA0VX-vA55SbAA, qs9nL2T2guSLEudFHg71mw, hz0ldhBHu5M4ri9M_mkOdQ, 47Uu-2MceSRFmohdzCOvGQ"
31,DR6kA7EWIiGIEMuXASJL2w,"6MR9GZjWjLAS3s39YdDXKw, z57omnqRcAODGwbwMHEIyw, zc_ptb03jQiXnWGwmpAk0A, 6lcRVoeg4hiy52_sj3H4HA, Rx85NUdD6MhrgKxHr05NlQ, EKEPtNKJdZxRhYoFhuG8ew, 366NwqHwhOic5pBN1DjmDQ, 563C7-HcjhZwZSl4fK-mfQ, 0SBDr7GJAFzKECE7IIWfJA, Nvi9RLcOdrJvSwcw-ziZQQ"
32,xan14G_7IU66GtQPAA2cKw,"lWRbdK9YABr0auLG19FHhQ, xWuzWH8qYaa75REqVd9Isw, 563C7-HcjhZwZSl4fK-mfQ, se9MhDAQjACYMO3LCIfT1Q, K8D_ltZWGvdXUaSE7bBiDw, hJNjKc4sKgWG__KitlJ1ag, S1eha-aT5c7WMk7lDLsW0A, P_q9rwxm-O-8cQ3xiswHHg, 3hjLxqqEfnBhwL6ecave_g, AUiX65HxQqwk1yvsBcbTdQ"
33,e-jVwvMAiHTUYIRSmJKFAA,"366NwqHwhOic5pBN1DjmDQ, z57omnqRcAODGwbwMHEIyw, BmrVL3Aj5usPfpu5DE1iCg, 0SBDr7GJAFzKECE7IIWfJA, S1eha-aT5c7WMk7lDLsW0A, 563C7-HcjhZwZSl4fK-mfQ, cgEzHZQKhi2anXfyF75MQw, g38pY1WD5dbmEuv0Bkx8QQ, xlHRYejgZj-iTm-QPhc8zQ, E7s0QreUJ2H9r0Ls1yDeiQ"
34,QFQGMnOEoqii9ttB9t-RXg,"563C7-HcjhZwZSl4fK-mfQ, xbCNlp2vWixy2W1WsfGv8g, E7s0QreUJ2H9r0Ls1yDeiQ, se9MhDAQjACYMO3LCIfT1Q, 9RKjjuTQYkYpGmCtfVsTZQ, BmrVL3Aj5usPfpu5DE1iCg, 8PmbCVEjWGPouD1Tst6FsQ, Q0fcX_1wvdmffqEPa246rg, sH-11zOhWubXobEeuMo2gg, gtx0OZnN98YXAASyMzv3hw"
35,brpOnxaRsg56LK7OverL0A,"E7s0QreUJ2H9r0Ls1yDeiQ, GS06uO84yKQpa7oezgVZgQ, aIs7Tt3pw6ymj3FOPPR4Ng, N8hUGYmf0jEO9eDzmYHuAw, FMoKoSHgitwnt_iMWm31nQ, vL44Ky9VxUtOgteyHasRIA, adI5BlJCtvWq2uAwmyndXA, hf_TA4bRRnzLQh2XUbqX6w, 3hjLxqqEfnBhwL6ecave_g, gJliACNKY4rK30BTMIzwsQ"
36,xJKnmUxpJfzPovCTsT1kLg,"5Iin0tl6QJT_TyL1BldtyA, Q0fcX_1wvdmffqEPa246rg, se9MhDAQjACYMO3LCIfT1Q, lWRbdK9YABr0auLG19FHhQ, B9gUwTS1_Yzj2vajjC7Vmg, csbBCysrsifg8N10c0eHCA, PiT0jyLL2Jwm2ODTDapOcg, ZWwtcMzhADrhoAxSsoc3HQ, AUiX65HxQqwk1yvsBcbTdQ, aJvi4k0ndFlGBzSZzcbnTw"
37,dLOfp-2TAGAb78jGZPvMoA,"qeFGUu1WPvMMNn5Hno6D-Q, V8vKFvdrvhTrQrt-rxKrPA, AUiX65HxQqwk1yvsBcbTdQ, 3hjLxqqEfnBhwL6ecave_g, 2vOHS-_p5ylEf0BGR1dO9w, Q0fcX_1wvdmffqEPa246rg, 6MR9GZjWjLAS3s39YdDXKw, zc_ptb03jQiXnWGwmpAk0A, fbZKVUec4oNGmPRXzWGpxQ, xWuzWH8qYaa75REqVd9Isw"
38,Q-G5vPCbC9708m9Mw3fZVA,"AUiX65HxQqwk1yvsBcbTdQ, Q0fcX_1wvdmffqEPa246rg, s7TMkWF36dwwD8R3TKsJqw, se9MhDAQjACYMO3LCIfT1Q, EiYE3T3hfqcpcficZ4zJzQ, 4owK2zpqI7qQ774DSNTkjQ, 2vOHS-_p5ylEf0BGR1dO9w, aHYIubjRbTLB3o_eXkrMXA, 366NwqHwhOic5pBN1DjmDQ, _TqUO2XaxLQ9i_z3RM8puQ"
39,PuzhvFmuIvrCgJ_GRqyJPg,"xbCNlp2vWixy2W1WsfGv8g, FMoKoSHgitwnt_iMWm31nQ, EiYE3T3hfqcpcficZ4zJzQ, pM4mWLjeaZJlcdUxut2lMg, XahLCgicRsLPb0TSMAIQtw, BXeXS9EaNN03AptFwElvjA, KtUuxN2gZXeC7WpJ_w9hNg, g_fGPZJlGeKGLgC-j-tj6w, aHYIubjRbTLB3o_eXkrMXA, HTBFKmtOzqlGvdpJpBfRng"
40,uaP7yULocq3L_XXClUu67Q,"z57omnqRcAODGwbwMHEIyw, cgEzHZQKhi2anXfyF75MQw, gtx0OZnN98YXAASyMzv3hw, B9gUwTS1_Yzj2vajjC7Vmg, E7s0QreUJ2H9r0Ls1yDeiQ, FMoKoSHgitwnt_iMWm31nQ, 5Iin0tl6QJT_TyL1BldtyA, se9MhDAQjACYMO3LCIfT1Q, qDPn14lenAGehkbnJaqnYg, _jNe_vwxiEh0G9JRZByc0w"
41,FmbduNxDfGN7TiHrY2UewA,"E7s0QreUJ2H9r0Ls1yDeiQ, ksP8426d2qN-mg-JDpkRVQ, hf_TA4bRRnzLQh2XUbqX6w, APN05ziH92oIox8EMxcceg, pM4mWLjeaZJlcdUxut2lMg, W-kOZ946xRWBJZvxXhJ7DA, vy5dhJyQ_VC1NUpPMmRUlw, GS06uO84yKQpa7oezgVZgQ, nbJXmGpdCxiBnovBkBtWcA, FMoKoSHgitwnt_iMWm31nQ"
42,0-wo7wKN_Rp0Xs6cBMEDJQ,"IWNPEvd3o6GHi60MxnPCVQ, FMoKoSHgitwnt_iMWm31nQ, 6MR9GZjWjLAS3s39YdDXKw, E7s0QreUJ2H9r0Ls1yDeiQ, 3UqJKEDIh7o0aTtVUo187Q, 2HMvoTz_hw0noLzBWmyxcA, yYh6t6a_0LGLVS_MNYEHsQ, 8Haoz9Mil7ZnHGU48sgBtw, E_scgX9Vws9adbh4i_QJnQ, sH-11zOhWubXobEeuMo2gg"
43,fL35Nuk-Nde5BJfOD0W_EQ,"z57omnqRcAODGwbwMHEIyw, 8axxI33rUyswfRk_v3vS0A, xbCNlp2vWixy2W1WsfGv8g, 2vOHS-_p5ylEf0BGR1dO9w, rvOvog5Utw3VXBwiSCAl0A, 366NwqHwhOic5pBN1DjmDQ, QMySP-qHdwQNZY0gDba0ng, FMoKoSHgitwnt_iMWm31nQ, Nvi9RLcOdrJvSwcw-ziZQQ, cwM9xFaKGWeeS4uRJPfMbA"
44,E7UTVunQLtiTnGYBlUQFDg,"xbCNlp2vWixy2W1WsfGv8g, Djazk_urUgj9C6PTwg-2AA, l_tk3iLmyKfBUCK-6nBbHg, tD1veHsKELAH3b7wKmHsaw, 6MR9GZjWjLAS3s39YdDXKw, APN05ziH92oIox8EMxcceg, 2HMvoTz_hw0noLzBWmyxcA, nbJXmGpdCxiBnovBkBtWcA, o9KcGDv2Lkbtit7mxZs8qA, S1eha-aT5c7WMk7lDLsW0A"
45,DdaPc_xbu6or0qcTPVd1bQ,"LUhVj-r2TtmFx6cyF9ilJg, 2HMvoTz_hw0noLzBWmyxcA, ZOyBVpeSQ7sYDeZa_v0MFw, Q0fcX_1wvdmffqEPa246rg, vL44Ky9VxUtOgteyHasRIA, YHlpp0gYBcxL_YXZepT69g, 22nkIQ4BeSYwsyaPOczOeA, aJvi4k0ndFlGBzSZzcbnTw, nJdNzQ5Z278gTCFJ4HQBLA, P_q9rwxm-O-8cQ3xiswHHg"
46,RmXIjppHNtVveguN10iO1g,"se9MhDAQjACYMO3LCIfT1Q, KMlY-L1oAL3qMQnwQCJPhQ, yYh6t6a_0LGLVS_MNYEHsQ, K8D_ltZWGvdXUaSE7bBiDw, nJdNzQ5Z278gTCFJ4HQBLA, 9RKjjuTQYkYpGmCtfVsTZQ, FMoKoSHgitwnt_iMWm31nQ, 563C7-HcjhZwZSl4fK-mfQ, l_tk3iLmyKfBUCK-6nBbHg, HTBFKmtOzqlGvdpJpBfRng"
47,-0WUJsVpizkaAYQp05giUA,"563C7-HcjhZwZSl4fK-mfQ, 8PmbCVEjWGPouD1Tst6FsQ, PcR-9sTQRK_UN7qO9rzDNw, z57omnqRcAODGwbwMHEIyw, fNtFIQM_FKsHsyEIVk_KMQ, kHWSO8fV0Mp-M3J-w1ma7A, xjBvbDmbsA0VX-vA55SbAA, I1j1kEbQ5BliKsjzl5etVA, zc_ptb03jQiXnWGwmpAk0A, EiYE3T3hfqcpcficZ4zJzQ"
48,tXIN2tMOAiZH-lGwEaHOkg,"3hjLxqqEfnBhwL6ecave_g, sH-11zOhWubXobEeuMo2gg, KMlY-L1oAL3qMQnwQCJPhQ, _TqUO2XaxLQ9i_z3RM8puQ, xbCNlp2vWixy2W1WsfGv8g, nbF7bEjx_4lQJ3t6aVqFjA, E7s0QreUJ2H9r0Ls1yDeiQ, 8PmbCVEjWGPouD1Tst6FsQ, 36jGZp7V0jLnPCYmRipUCg, K8D_ltZWGvdXUaSE7bBiDw"
49,6FFFFNZLeeHERUs1MatgBg,"S1eha-aT5c7WMk7lDLsW0A, xjBvbDmbsA0VX-vA55SbAA, 2vOHS-_p5ylEf0BGR1dO9w, xbCNlp2vWixy2W1WsfGv8g, W-kOZ946xRWBJZvxXhJ7DA, AUiX65HxQqwk1yvsBcbTdQ, s7TMkWF36dwwD8R3TKsJqw, lWRbdK9YABr0auLG19FHhQ, Qe7yHDU5SPTsLVqQ6Cgnsw, se9MhDAQjACYMO3LCIfT1Q"
50,mptGtDdTKaoKPxYY2puS5Q,"0SBDr7GJAFzKECE7IIWfJA, s7TMkWF36dwwD8R3TKsJqw, sH-11zOhWubXobEeuMo2gg, ZOyBVpeSQ7sYDeZa_v0MFw, 6MR9GZjWjLAS3s39YdDXKw, xbCNlp2vWixy2W1WsfGv8g, PiT0jyLL2Jwm2ODTDapOcg, te-QMdSMQdjws6NnRexjJQ, wXob57ntnAnzSEWnt9syEQ, W-kOZ946xRWBJZvxXhJ7DA"
51,l_n89Nfn1BSJENwHy9nt-A,"z-3ZDmVbHZjDrYZE42yKZA, se9MhDAQjACYMO3LCIfT1Q, P_q9rwxm-O-8cQ3xiswHHg, 366NwqHwhOic5pBN1DjmDQ, u9iy3hyA9HpETKi9qns__A, Rx85NUdD6MhrgKxHr05NlQ, hJNjKc4sKgWG__KitlJ1ag, W-kOZ946xRWBJZvxXhJ7DA, XahLCgicRsLPb0TSMAIQtw, xjBvbDmbsA0VX-vA55SbAA"
52,ixBoXpBL1JmKmcP1F2fTHA,"S1eha-aT5c7WMk7lDLsW0A, 8PmbCVEjWGPouD1Tst6FsQ, 8axxI33rUyswfRk_v3vS0A, 6MR9GZjWjLAS3s39YdDXKw, xWuzWH8qYaa75REqVd9Isw, P_q9rwxm-O-8cQ3xiswHHg, 563C7-HcjhZwZSl4fK-mfQ, xjBvbDmbsA0VX-vA55SbAA, PiT0jyLL2Jwm2ODTDapOcg, lWRbdK9YABr0auLG19FHhQ"
53,lh1QIr8Bp8WOI1ws1tPZWA,"z57omnqRcAODGwbwMHEIyw, zc_ptb03jQiXnWGwmpAk0A, hz0ldhBHu5M4ri9M_mkOdQ, Q0fcX_1wvdmffqEPa246rg, voaZjLwStQEq9-wj7hFYBQ, N8hUGYmf0jEO9eDzmYHuAw, tuucCa40AmTMUEVNerGe9w, gtx0OZnN98YXAASyMzv3hw, lWRbdK9YABr0auLG19FHhQ, 6MR9GZjWjLAS3s39YdDXKw"
54,3HsiYKmrVW2nMDwHMpsrzQ,"s7TMkWF36dwwD8R3TKsJqw, 563C7-HcjhZwZSl4fK-mfQ, 366NwqHwhOic5pBN1DjmDQ, FMoKoSHgitwnt_iMWm31nQ, 36jGZp7V0jLnPCYmRipUCg, L4ivYHVCDpIE0SrPaCn0LA, 5Iin0tl6QJT_TyL1BldtyA, aIs7Tt3pw6ymj3FOPPR4Ng, 2vOHS-_p5ylEf0BGR1dO9w, KMlY-L1oAL3qMQnwQCJPhQ"
55,OdUSlS-S6qfZFnDUCKzwEg,"36jGZp7V0jLnPCYmRipUCg, xWuzWH8qYaa75REqVd9Isw, u9iy3hyA9HpETKi9qns__A, Kcg5iMwYq5ibBuEhDXKx3Q, lWRbdK9YABr0auLG19FHhQ, xjBvbDmbsA0VX-vA55SbAA, Q0fcX_1wvdmffqEPa246rg, se9MhDAQjACYMO3LCIfT1Q, qs9nL2T2guSLEudFHg71mw, hz0ldhBHu5M4ri9M_mkOdQ"
56,KcfGrudzTcML2md1gwP53g,"563C7-HcjhZwZSl4fK-mfQ, 3hjLxqqEfnBhwL6ecave_g, Sqwa2aNwnqCmc95gVWQ9bA, hz0ldhBHu5M4ri9M_mkOdQ, V0tRCjf95FTqVJvmxdeqbQ, l_tk3iLmyKfBUCK-6nBbHg, pM4mWLjeaZJlcdUxut2lMg, tD1veHsKELAH3b7wKmHsaw, sjrTFzrb7_pzzBEpC-BvpA, xjBvbDmbsA0VX-vA55SbAA"
57,w6T9G6r1QtPRoOYrFVEM1w,"563C7-HcjhZwZSl4fK-mfQ, nJdNzQ5Z278gTCFJ4HQBLA, Q0fcX_1wvdmffqEPa246rg, z57omnqRcAODGwbwMHEIyw, L4ivYHVCDpIE0SrPaCn0LA, EKEPtNKJdZxRhYoFhuG8ew, AUiX65HxQqwk1yvsBcbTdQ, azHkCTTMfAWDM0KNp5wqzw, JOqWln_EB_f6RUSTxl04dQ, J_KI8rJa_dSwTglUbwFcdw"
58,-ZM78Lp6guNOiE6yJNAJHw,"adI5BlJCtvWq2uAwmyndXA, P_q9rwxm-O-8cQ3xiswHHg, 8PmbCVEjWGPouD1Tst6FsQ, u9iy3hyA9HpETKi9qns__A, vL44Ky9VxUtOgteyHasRIA, hJNjKc4sKgWG__KitlJ1ag, ZOyBVpeSQ7sYDeZa_v0MFw, z-3ZDmVbHZjDrYZE42yKZA, XarxHcmxyjvhzoROMTLyMg, LUhVj-r2TtmFx6cyF9ilJg"
59,L3kgTysYuNKMtGPBZiP_bA,"se9MhDAQjACYMO3LCIfT1Q, 563C7-HcjhZwZSl4fK-mfQ, S1eha-aT5c7WMk7lDLsW0A, z57omnqRcAODGwbwMHEIyw, Kcg5iMwYq5ibBuEhDXKx3Q, 3UqJKEDIh7o0aTtVUo187Q, P_q9rwxm-O-8cQ3xiswHHg, u9iy3hyA9HpETKi9qns__A, xjBvbDmbsA0VX-vA55SbAA, 47Uu-2MceSRFmohdzCOvGQ"
60,6S6sZMLuy_StHVs2lqpUUw,"sH-11zOhWubXobEeuMo2gg, B9gUwTS1_Yzj2vajjC7Vmg, PcR-9sTQRK_UN7qO9rzDNw, QMySP-qHdwQNZY0gDba0ng, iyBlON0Ipc0kbF-YOYxmOQ, NW3KM7K7ywzEfqk3OR4tAQ, te-QMdSMQdjws6NnRexjJQ, _TqUO2XaxLQ9i_z3RM8puQ, csbBCysrsifg8N10c0eHCA, l_tk3iLmyKfBUCK-6nBbHg"
61,WW3uGfrqB4tTDlQMKCiDbA,"Kcg5iMwYq5ibBuEhDXKx3Q, 8axxI33rUyswfRk_v3vS0A, Z-9ZLg77FXTQCMqp1gGsrQ, AEVNOYRr8ZsG1bj3NuEKgA, hz0ldhBHu5M4ri9M_mkOdQ, AUiX65HxQqwk1yvsBcbTdQ, E8PkjCmDnDE7_2rYf38lRA, 6MR9GZjWjLAS3s39YdDXKw, XarxHcmxyjvhzoROMTLyMg, BTDPN3hMRrENFZNb76lPKw"
62,mJM9uvrQ0q1nrSn1xRbHQQ,"563C7-HcjhZwZSl4fK-mfQ, _jNe_vwxiEh0G9JRZByc0w, IYdv6RxSiqz2XMsqkiTmPQ, GS06uO84yKQpa7oezgVZgQ, vL44Ky9VxUtOgteyHasRIA, S1eha-aT5c7WMk7lDLsW0A, WUAe0FGaLRCremEDXqNV4A, fbZKVUec4oNGmPRXzWGpxQ, hz0ldhBHu5M4ri9M_mkOdQ, xWuzWH8qYaa75REqVd9Isw"
63,cDR_WMmV9dp2LwW-w_KmUA,"vL44Ky9VxUtOgteyHasRIA, 563C7-HcjhZwZSl4fK-mfQ, Kcg5iMwYq5ibBuEhDXKx3Q, 3UqJKEDIh7o0aTtVUo187Q, S1eha-aT5c7WMk7lDLsW0A, cgEzHZQKhi2anXfyF75MQw, XahLCgicRsLPb0TSMAIQtw, FMoKoSHgitwnt_iMWm31nQ, se9MhDAQjACYMO3LCIfT1Q, 8PmbCVEjWGPouD1Tst6FsQ"
64,qFOy-T6HU4WxS5t_34IBaQ,"xbCNlp2vWixy2W1WsfGv8g, cgEzHZQKhi2anXfyF75MQw, J_KI8rJa_dSwTglUbwFcdw, rvOvog5Utw3VXBwiSCAl0A, _TqUO2XaxLQ9i_z3RM8puQ, aIs7Tt3pw6ymj3FOPPR4Ng, QMySP-qHdwQNZY0gDba0ng, 2HMvoTz_hw0noLzBWmyxcA, Q0fcX_1wvdmffqEPa246rg, S1eha-aT5c7WMk7lDLsW0A"
65,JUc49GPNufVHhPl2BIoAAw,"xjBvbDmbsA0VX-vA55SbAA, _jNe_vwxiEh0G9JRZByc0w, EiYE3T3hfqcpcficZ4zJzQ, pM4mWLjeaZJlcdUxut2lMg, V8vKFvdrvhTrQrt-rxKrPA, hz0ldhBHu5M4ri9M_mkOdQ, yv8m3r2v3xQtDCYnwJa99Q, oAsjdHwXgKtK-NU_JEYuPg, QMySP-qHdwQNZY0gDba0ng, z57omnqRcAODGwbwMHEIyw"
66,2C7OiKoA9Tqkt76siBbRYA,"563C7-HcjhZwZSl4fK-mfQ, nbJXmGpdCxiBnovBkBtWcA, FMoKoSHgitwnt_iMWm31nQ, hJNjKc4sKgWG__KitlJ1ag, NW3KM7K7ywzEfqk3OR4tAQ, sH-11zOhWubXobEeuMo2gg, N1BTJaWnLsCVsJ3I41EPdg, Q0fcX_1wvdmffqEPa246rg, 2vOHS-_p5ylEf0BGR1dO9w, zc_ptb03jQiXnWGwmpAk0A"
67,r45-ZWkRzYk8_FnN4Wgnfw,"I1j1kEbQ5BliKsjzl5etVA, xjBvbDmbsA0VX-vA55SbAA, J_KI8rJa_dSwTglUbwFcdw, BmrVL3Aj5usPfpu5DE1iCg, z57omnqRcAODGwbwMHEIyw, E7s0QreUJ2H9r0Ls1yDeiQ, Kcg5iMwYq5ibBuEhDXKx3Q, se9MhDAQjACYMO3LCIfT1Q, S1eha-aT5c7WMk7lDLsW0A, adI5BlJCtvWq2uAwmyndXA"
68,-zhW9UyMKOMuuydi17x7Ag,"sH-11zOhWubXobEeuMo2gg, W-kOZ946xRWBJZvxXhJ7DA, cgEzHZQKhi2anXfyF75MQw, z57omnqRcAODGwbwMHEIyw, FMoKoSHgitwnt_iMWm31nQ, MuVIpRAEkNfRnmhsPTdl3A, oAsjdHwXgKtK-NU_JEYuPg, ZOyBVpeSQ7sYDeZa_v0MFw, IWNPEvd3o6GHi60MxnPCVQ, yYh6t6a_0LGLVS_MNYEHsQ"
69,tI5jVZ1CGZr2tLt1cwGZ5g,"Kcg5iMwYq5ibBuEhDXKx3Q, Q0fcX_1wvdmffqEPa246rg, AUiX65HxQqwk1yvsBcbTdQ, tD1veHsKELAH3b7wKmHsaw, xWuzWH8qYaa75REqVd9Isw, 0SBDr7GJAFzKECE7IIWfJA, BmrVL3Aj5usPfpu5DE1iCg, xOZ7bkrttSIGS4NZm49w5Q, 563C7-HcjhZwZSl4fK-mfQ, yYh6t6a_0LGLVS_MNYEHsQ"
70,1otkilxTrHF6Z1vdrrlZrQ,"5Iin0tl6QJT_TyL1BldtyA, E7s0QreUJ2H9r0Ls1yDeiQ, se9MhDAQjACYMO3LCIfT1Q, B9gUwTS1_Yzj2vajjC7Vmg, Q0fcX_1wvdmffqEPa246rg, nJdNzQ5Z278gTCFJ4HQBLA, GS06uO84yKQpa7oezgVZgQ, cgEzHZQKhi2anXfyF75MQw, IWNPEvd3o6GHi60MxnPCVQ, nbJXmGpdCxiBnovBkBtWcA"
71,sJ-LZrznwzO49Syt_cI7Sg,"xWuzWH8qYaa75REqVd9Isw, hJNjKc4sKgWG__KitlJ1ag, te-QMdSMQdjws6NnRexjJQ, cgEzHZQKhi2anXfyF75MQw, Q0fcX_1wvdmffqEPa246rg, FMoKoSHgitwnt_iMWm31nQ, xbCNlp2vWixy2W1WsfGv8g, aHYIubjRbTLB3o_eXkrMXA, BmrVL3Aj5usPfpu5DE1iCg, vL44Ky9VxUtOgteyHasRIA"
72,QyP254XCNlI7DvPsze5LQw,"S1eha-aT5c7WMk7lDLsW0A, Kcg5iMwYq5ibBuEhDXKx3Q, EKEPtNKJdZxRhYoFhuG8ew, qmcIsZjLpxd0V4RekSozmA, xjBvbDmbsA0VX-vA55SbAA, eRNDudpCqrDuRaz4-reNOQ, GS06uO84yKQpa7oezgVZgQ, SD3ZyFR5ZjFneWpYhT6tLg, l_tk3iLmyKfBUCK-6nBbHg, V0tRCjf95FTqVJvmxdeqbQ"
73,hpCpVb1Ty9LoYQ0-gzRDDw,"2vOHS-_p5ylEf0BGR1dO9w, FMoKoSHgitwnt_iMWm31nQ, LUhVj-r2TtmFx6cyF9ilJg, pM4mWLjeaZJlcdUxut2lMg, E7s0QreUJ2H9r0Ls1yDeiQ, 563C7-HcjhZwZSl4fK-mfQ, cgEzHZQKhi2anXfyF75MQw, L4ivYHVCDpIE0SrPaCn0LA, xOZ7bkrttSIGS4NZm49w5Q, hz0ldhBHu5M4ri9M_mkOdQ"
74,-TJhZseJMYZjOab0wMOnAQ,"J_KI8rJa_dSwTglUbwFcdw, AUiX65HxQqwk1yvsBcbTdQ, se9MhDAQjACYMO3LCIfT1Q, 563C7-HcjhZwZSl4fK-mfQ, _TqUO2XaxLQ9i_z3RM8puQ, xWuzWH8qYaa75REqVd9Isw, xOZ7bkrttSIGS4NZm49w5Q, z57omnqRcAODGwbwMHEIyw, cgEzHZQKhi2anXfyF75MQw, utYpyFOjNisHl1h7lDGSGA"
75,hIZiWElzEfM4Jh_xkrDVpg,"nJdNzQ5Z278gTCFJ4HQBLA, z57omnqRcAODGwbwMHEIyw, Vtahv3Af90H3fUuEEhPhdQ, cgEzHZQKhi2anXfyF75MQw, u9iy3hyA9HpETKi9qns__A, 366NwqHwhOic5pBN1DjmDQ, pM4mWLjeaZJlcdUxut2lMg, 8axxI33rUyswfRk_v3vS0A, J_KI8rJa_dSwTglUbwFcdw, XahLCgicRsLPb0TSMAIQtw"
76,ZYZNcugF3xUEGyLOVGiZ0Q,"wNy3CnWWAnTCfDYsZTSUPw, MuVIpRAEkNfRnmhsPTdl3A, nJdNzQ5Z278gTCFJ4HQBLA, FMoKoSHgitwnt_iMWm31nQ, xWuzWH8qYaa75REqVd9Isw, Q0fcX_1wvdmffqEPa246rg, 563C7-HcjhZwZSl4fK-mfQ, xOZ7bkrttSIGS4NZm49w5Q, 85Y24Itl548cCCVV2d8HxQ, YST4gp2ecFtyUpRAFNZ_HQ"
77,Oj8RHeu2_I9hMmme8IbU4A,"W-kOZ946xRWBJZvxXhJ7DA, 563C7-HcjhZwZSl4fK-mfQ, PiT0jyLL2Jwm2ODTDapOcg, qesu3mk5yHeak9CUO4gRdQ, XahLCgicRsLPb0TSMAIQtw, IWNPEvd3o6GHi60MxnPCVQ, FMoKoSHgitwnt_iMWm31nQ, LUhVj-r2TtmFx6cyF9ilJg, se9MhDAQjACYMO3LCIfT1Q, E7s0QreUJ2H9r0Ls1yDeiQ"
78,nBwONfmYwAK-wpw-1SKxYA,"Rx85NUdD6MhrgKxHr05NlQ, e8ohWYW8rbOZWZ4pojU4zQ, 563C7-HcjhZwZSl4fK-mfQ, sH-11zOhWubXobEeuMo2gg, 22nkIQ4BeSYwsyaPOczOeA, QMySP-qHdwQNZY0gDba0ng, se9MhDAQjACYMO3LCIfT1Q, z57omnqRcAODGwbwMHEIyw, xWuzWH8qYaa75REqVd9Isw, MGOBNMCuhnYRcaiBj9-g1Q"
79,DWxUS4lNikQQgD3GaiHf8Q,"r_KDxVcTZVEigYepnoJ6Lw, xbCNlp2vWixy2W1WsfGv8g, EiYE3T3hfqcpcficZ4zJzQ, N8hUGYmf0jEO9eDzmYHuAw, z57omnqRcAODGwbwMHEIyw, Rx85NUdD6MhrgKxHr05NlQ, 563C7-HcjhZwZSl4fK-mfQ, voaZjLwStQEq9-wj7hFYBQ, gtx0OZnN98YXAASyMzv3hw, RiPhiTDvmhqlF9BYWv8mtA"
80,dq27itUgsOV9ObbtpBRezQ,"voaZjLwStQEq9-wj7hFYBQ, I1j1kEbQ5BliKsjzl5etVA, E7s0QreUJ2H9r0Ls1yDeiQ, 0HyuO5rOKeaa08TFzjIJIA, Z-9ZLg77FXTQCMqp1gGsrQ, GS06uO84yKQpa7oezgVZgQ, nJdNzQ5Z278gTCFJ4HQBLA, IYdv6RxSiqz2XMsqkiTmPQ, R79Hir871EF-kRLIBPy9qg, 8PmbCVEjWGPouD1Tst6FsQ"
81,lOZKlSyQa-jSv4HZ66okGg,"E7s0QreUJ2H9r0Ls1yDeiQ, K8D_ltZWGvdXUaSE7bBiDw, hJNjKc4sKgWG__KitlJ1ag, W-kOZ946xRWBJZvxXhJ7DA, u9iy3hyA9HpETKi9qns__A, P_q9rwxm-O-8cQ3xiswHHg, z57omnqRcAODGwbwMHEIyw, 563C7-HcjhZwZSl4fK-mfQ, LUhVj-r2TtmFx6cyF9ilJg, VecnSuJm8sD83LWJ_KqAtg"
82,F0nFAY1Qi_7it_Q52n3nTw,"hJNjKc4sKgWG__KitlJ1ag, 8Haoz9Mil7ZnHGU48sgBtw, 8axxI33rUyswfRk_v3vS0A, S1eha-aT5c7WMk7lDLsW0A, 36jGZp7V0jLnPCYmRipUCg, xjBvbDmbsA0VX-vA55SbAA, x1bjSvpIJTN1KBFhUjOU_g, z57omnqRcAODGwbwMHEIyw, J_KI8rJa_dSwTglUbwFcdw, xWuzWH8qYaa75REqVd9Isw"
83,ZD3_a2-bcugIQfh_0rWqIQ,"8PmbCVEjWGPouD1Tst6FsQ, LUhVj-r2TtmFx6cyF9ilJg, u9iy3hyA9HpETKi9qns__A, xbCNlp2vWixy2W1WsfGv8g, E7s0QreUJ2H9r0Ls1yDeiQ, 563C7-HcjhZwZSl4fK-mfQ, te-QMdSMQdjws6NnRexjJQ, P_q9rwxm-O-8cQ3xiswHHg, xOZ7bkrttSIGS4NZm49w5Q, XarxHcmxyjvhzoROMTLyMg"
84,4FxADcoBgm_8xqTyfmTIug,"cgEzHZQKhi2anXfyF75MQw, ZOyBVpeSQ7sYDeZa_v0MFw, hJNjKc4sKgWG__KitlJ1ag, u9iy3hyA9HpETKi9qns__A, vL44Ky9VxUtOgteyHasRIA, xbCNlp2vWixy2W1WsfGv8g, nbF7bEjx_4lQJ3t6aVqFjA, bMEZKjo5LTZS3Hk7zGKflQ, _TqUO2XaxLQ9i_z3RM8puQ, adI5BlJCtvWq2uAwmyndXA"
85,l0-VQ8nA_oijpKlRB7dkow,"K8D_ltZWGvdXUaSE7bBiDw, Q0fcX_1wvdmffqEPa246rg, se9MhDAQjACYMO3LCIfT1Q, 563C7-HcjhZwZSl4fK-mfQ, xWuzWH8qYaa75REqVd9Isw, 6MR9GZjWjLAS3s39YdDXKw, nJdNzQ5Z278gTCFJ4HQBLA, hJNjKc4sKgWG__KitlJ1ag, 6rGYvMWoH6KvbF-oQzOWIQ, l_tk3iLmyKfBUCK-6nBbHg"
86,8kWbwEqdgDjSogg56e6PnA,"S1eha-aT5c7WMk7lDLsW0A, B9gUwTS1_Yzj2vajjC7Vmg, qeFGUu1WPvMMNn5Hno6D-Q, GbRN507iOJ6JOU-dixk-PQ, xWuzWH8qYaa75REqVd9Isw, aIs7Tt3pw6ymj3FOPPR4Ng, WUAe0FGaLRCremEDXqNV4A, V8vKFvdrvhTrQrt-rxKrPA, V0tRCjf95FTqVJvmxdeqbQ, 563C7-HcjhZwZSl4fK-mfQ"
87,XKEaZzncxtx4BovE2eOAdw,"z57omnqRcAODGwbwMHEIyw, _jNe_vwxiEh0G9JRZByc0w, utYpyFOjNisHl1h7lDGSGA, gJliACNKY4rK30BTMIzwsQ, 563C7-HcjhZwZSl4fK-mfQ, qesu3mk5yHeak9CUO4gRdQ, zc_ptb03jQiXnWGwmpAk0A, 366NwqHwhOic5pBN1DjmDQ, EiYE3T3hfqcpcficZ4zJzQ, N8hUGYmf0jEO9eDzmYHuAw"
88,-0MQ4webH2uc1ZAsGsNENg,"AUiX65HxQqwk1yvsBcbTdQ, xbCNlp2vWixy2W1WsfGv8g, sH-11zOhWubXobEeuMo2gg, 563C7-HcjhZwZSl4fK-mfQ, 366NwqHwhOic5pBN1DjmDQ, Q0fcX_1wvdmffqEPa246rg, 6MR9GZjWjLAS3s39YdDXKw, _jNe_vwxiEh0G9JRZByc0w, pM4mWLjeaZJlcdUxut2lMg, 85Y24Itl548cCCVV2d8HxQ"
89,omLRfZKggXtjRWN_VXf7Fg,"8axxI33rUyswfRk_v3vS0A, 2vOHS-_p5ylEf0BGR1dO9w, Kcg5iMwYq5ibBuEhDXKx3Q, nJdNzQ5Z278gTCFJ4HQBLA, xWuzWH8qYaa75REqVd9Isw, EiYE3T3hfqcpcficZ4zJzQ, 563C7-HcjhZwZSl4fK-mfQ, AUiX65HxQqwk1yvsBcbTdQ, BmrVL3Aj5usPfpu5DE1iCg, b8-lt7cnQpcvHM6Qre-WZA"
90,rzB7X6rJckrK4kzSA3Dqng,"nJdNzQ5Z278gTCFJ4HQBLA, xWuzWH8qYaa75REqVd9Isw, QMySP-qHdwQNZY0gDba0ng, N1BTJaWnLsCVsJ3I41EPdg, Q0fcX_1wvdmffqEPa246rg, se9MhDAQjACYMO3LCIfT1Q, kHWSO8fV0Mp-M3J-w1ma7A, 36jGZp7V0jLnPCYmRipUCg, FMoKoSHgitwnt_iMWm31nQ, qeFGUu1WPvMMNn5Hno6D-Q"
91,aDct2Z6b3vHuX5ra35uALA,"z57omnqRcAODGwbwMHEIyw, cgEzHZQKhi2anXfyF75MQw, 366NwqHwhOic5pBN1DjmDQ, e8ohWYW8rbOZWZ4pojU4zQ, xOZ7bkrttSIGS4NZm49w5Q, 6MR9GZjWjLAS3s39YdDXKw, E8PkjCmDnDE7_2rYf38lRA, L4ivYHVCDpIE0SrPaCn0LA, ZOyBVpeSQ7sYDeZa_v0MFw, 2vOHS-_p5ylEf0BGR1dO9w"
92,t8aJIHxkutRlWMRNSvpq6w,"AUiX65HxQqwk1yvsBcbTdQ, se9MhDAQjACYMO3LCIfT1Q, 563C7-HcjhZwZSl4fK-mfQ, _TqUO2XaxLQ9i_z3RM8puQ, FMoKoSHgitwnt_iMWm31nQ, qeFGUu1WPvMMNn5Hno6D-Q, Q0fcX_1wvdmffqEPa246rg, xOZ7bkrttSIGS4NZm49w5Q, 0SBDr7GJAFzKECE7IIWfJA, hJNjKc4sKgWG__KitlJ1ag"
93,x_Frpa8QWc25FDJ5BJM8tg,"se9MhDAQjACYMO3LCIfT1Q, APN05ziH92oIox8EMxcceg, xbCNlp2vWixy2W1WsfGv8g, xWuzWH8qYaa75REqVd9Isw, qDPn14lenAGehkbnJaqnYg, 366NwqHwhOic5pBN1DjmDQ, K8D_ltZWGvdXUaSE7bBiDw, nJdNzQ5Z278gTCFJ4HQBLA, EiYE3T3hfqcpcficZ4zJzQ, xOZ7bkrttSIGS4NZm49w5Q"
94,BhYROfCjIJsKUk22_IVHig,"xbCNlp2vWixy2W1WsfGv8g, Sqwa2aNwnqCmc95gVWQ9bA, 5Iin0tl6QJT_TyL1BldtyA, Kcg5iMwYq5ibBuEhDXKx3Q, 563C7-HcjhZwZSl4fK-mfQ, adI5BlJCtvWq2uAwmyndXA, se9MhDAQjACYMO3LCIfT1Q, 47Uu-2MceSRFmohdzCOvGQ, vL44Ky9VxUtOgteyHasRIA, QMySP-qHdwQNZY0gDba0ng"
95,CD-cuKfj2wybw2DDQbp5Wg,"csbBCysrsifg8N10c0eHCA, V8vKFvdrvhTrQrt-rxKrPA, wNy3CnWWAnTCfDYsZTSUPw, xOZ7bkrttSIGS4NZm49w5Q, BmrVL3Aj5usPfpu5DE1iCg, PiT0jyLL2Jwm2ODTDapOcg, LUhVj-r2TtmFx6cyF9ilJg, vL44Ky9VxUtOgteyHasRIA, 563C7-HcjhZwZSl4fK-mfQ, 8axxI33rUyswfRk_v3vS0A"
96,Q7fH0eiQbLyI8MDTLHU4aw,"6MR9GZjWjLAS3s39YdDXKw, 366NwqHwhOic5pBN1DjmDQ, cgEzHZQKhi2anXfyF75MQw, AUiX65HxQqwk1yvsBcbTdQ, xjBvbDmbsA0VX-vA55SbAA, EIZnpMr9ccgutaGzGjzZ9g, BTl6GE8YLimhTnjGQhGxmg, utYpyFOjNisHl1h7lDGSGA, l_tk3iLmyKfBUCK-6nBbHg, ujUEnwAAhfNOe_LMYEFJrw"
97,J7Hl7OCQcFjmUerZhcwxOw,"I1j1kEbQ5BliKsjzl5etVA, z57omnqRcAODGwbwMHEIyw, s7TMkWF36dwwD8R3TKsJqw, 563C7-HcjhZwZSl4fK-mfQ, hz0ldhBHu5M4ri9M_mkOdQ, cgEzHZQKhi2anXfyF75MQw, V8vKFvdrvhTrQrt-rxKrPA, nJdNzQ5Z278gTCFJ4HQBLA, xWuzWH8qYaa75REqVd9Isw, qeFGUu1WPvMMNn5Hno6D-Q"
98,zjj6fK65LRB4WNlE8Qt3lg,"563C7-HcjhZwZSl4fK-mfQ, EiYE3T3hfqcpcficZ4zJzQ, E7s0QreUJ2H9r0Ls1yDeiQ, xOZ7bkrttSIGS4NZm49w5Q, Q0fcX_1wvdmffqEPa246rg, 6MR9GZjWjLAS3s39YdDXKw, x5stEsLXNzS3WTy5YhdLlA, aHYIubjRbTLB3o_eXkrMXA, 2vOHS-_p5ylEf0BGR1dO9w, F3xksTtZUfanOcLQqJn0eQ"
99,W1vp1LjV8rkCOIYFCAACdg,"PiT0jyLL2Jwm2ODTDapOcg, B9gUwTS1_Yzj2vajjC7Vmg, sH-11zOhWubXobEeuMo2gg, S1eha-aT5c7WMk7lDLsW0A, cBHMUESPj4SNs65Xv6xWRA, DMP1E6NfBkTfhRn5cbHSuw, BmrVL3Aj5usPfpu5DE1iCg, xOZ7bkrttSIGS4NZm49w5Q, FMoKoSHgitwnt_iMWm31nQ, xbCNlp2vWixy2W1WsfGv8g"
100,c17s5z5V4_ppX4w6TZdFDg,"vL44Ky9VxUtOgteyHasRIA, F3xksTtZUfanOcLQqJn0eQ, hJNjKc4sKgWG__KitlJ1ag, Vtahv3Af90H3fUuEEhPhdQ, w8XAYTSIcAHvRWTHUtgTVQ, APN05ziH92oIox8EMxcceg, E_scgX9Vws9adbh4i_QJnQ, 2HMvoTz_hw0noLzBWmyxcA, 8PmbCVEjWGPouD1Tst6FsQ, cgEzHZQKhi2anXfyF75MQw"
101,cqecqnFK2eu88VtKJLHpiA,"563C7-HcjhZwZSl4fK-mfQ, E7s0QreUJ2H9r0Ls1yDeiQ, KMlY-L1oAL3qMQnwQCJPhQ, vL44Ky9VxUtOgteyHasRIA, 3hjLxqqEfnBhwL6ecave_g, S1eha-aT5c7WMk7lDLsW0A, nJdNzQ5Z278gTCFJ4HQBLA, QMySP-qHdwQNZY0gDba0ng, Q0fcX_1wvdmffqEPa246rg, hf_TA4bRRnzLQh2XUbqX6w"
102,l8gCfUNUdO64TtIv71UUaA,"FMoKoSHgitwnt_iMWm31nQ, E7s0QreUJ2H9r0Ls1yDeiQ, _eg8IWyKJe1QlXAbQqeemw, N1BTJaWnLsCVsJ3I41EPdg, hf_TA4bRRnzLQh2XUbqX6w, aHYIubjRbTLB3o_eXkrMXA, S1eha-aT5c7WMk7lDLsW0A, LUhVj-r2TtmFx6cyF9ilJg, GS06uO84yKQpa7oezgVZgQ, J_KI8rJa_dSwTglUbwFcdw"
103,0tuicLSSRM8eCyVhIG5QeQ,"xWuzWH8qYaa75REqVd9Isw, 563C7-HcjhZwZSl4fK-mfQ, VdBpfLna-sn83cdKmSkxOg, Rx85NUdD6MhrgKxHr05NlQ, nJdNzQ5Z278gTCFJ4HQBLA, xbCNlp2vWixy2W1WsfGv8g, FMoKoSHgitwnt_iMWm31nQ, I1j1kEbQ5BliKsjzl5etVA, se9MhDAQjACYMO3LCIfT1Q, r3U-3yOP1ZB8Yu8Gv0Auwg"
104,LZr86Mk7R8dxkh2Jo2NGWw,"LUhVj-r2TtmFx6cyF9ilJg, EIZnpMr9ccgutaGzGjzZ9g, cgEzHZQKhi2anXfyF75MQw, vL44Ky9VxUtOgteyHasRIA, 8PmbCVEjWGPouD1Tst6FsQ, W-kOZ946xRWBJZvxXhJ7DA, pdrWG2TVIXyRR_pN9bXs0Q, nbF7bEjx_4lQJ3t6aVqFjA, nJdNzQ5Z278gTCFJ4HQBLA, 18DgI5IfaAo2hmu2gs8WxQ"
105,4YH_x__cYF_y8QtaQcYYFg,"E7s0QreUJ2H9r0Ls1yDeiQ, yYh6t6a_0LGLVS_MNYEHsQ, vy5dhJyQ_VC1NUpPMmRUlw, P_q9rwxm-O-8cQ3xiswHHg, 2HMvoTz_hw0noLzBWmyxcA, z-3ZDmVbHZjDrYZE42yKZA, 8PmbCVEjWGPouD1Tst6FsQ, nJdNzQ5Z278gTCFJ4HQBLA, vL44Ky9VxUtOgteyHasRIA, 563C7-HcjhZwZSl4fK-mfQ"
106,1s_F5PS7L8Azn50w860O7w,"nbJXmGpdCxiBnovBkBtWcA, hJNjKc4sKgWG__KitlJ1ag, Q0fcX_1wvdmffqEPa246rg, zc_ptb03jQiXnWGwmpAk0A, V8vKFvdrvhTrQrt-rxKrPA, KL1oif2ocGH2dJ4w-oT_Mg, xWuzWH8qYaa75REqVd9Isw, FMoKoSHgitwnt_iMWm31nQ, se9MhDAQjACYMO3LCIfT1Q, BmrVL3Aj5usPfpu5DE1iCg"
107,0sGiC_VQubXxFEkg-OLqyw,"csbBCysrsifg8N10c0eHCA, mSSH1BFPQJ41gmPiN9_jwg, LUhVj-r2TtmFx6cyF9ilJg, D2smJ2r0RrVoe0aGlT-2wA, Fx4ONDdL_3eM-KCQ49WUSQ, _TqUO2XaxLQ9i_z3RM8puQ, ZOyBVpeSQ7sYDeZa_v0MFw, Vtahv3Af90H3fUuEEhPhdQ, xbCNlp2vWixy2W1WsfGv8g, tuucCa40AmTMUEVNerGe9w"
108,x_B6HetResuFzznXnVyEog,"3hjLxqqEfnBhwL6ecave_g, xbCNlp2vWixy2W1WsfGv8g, rvOvog5Utw3VXBwiSCAl0A, 2HMvoTz_hw0noLzBWmyxcA, hJNjKc4sKgWG__KitlJ1ag, QMySP-qHdwQNZY0gDba0ng, z-3ZDmVbHZjDrYZE42yKZA, BmrVL3Aj5usPfpu5DE1iCg, F3xksTtZUfanOcLQqJn0eQ, hz0ldhBHu5M4ri9M_mkOdQ"
109,NV0u95G-WcjZRAfCX-jcWw,"xWuzWH8qYaa75REqVd9Isw, 6MR9GZjWjLAS3s39YdDXKw, cgEzHZQKhi2anXfyF75MQw, E7s0QreUJ2H9r0Ls1yDeiQ, V8vKFvdrvhTrQrt-rxKrPA, s7TMkWF36dwwD8R3TKsJqw, xOZ7bkrttSIGS4NZm49w5Q, I1j1kEbQ5BliKsjzl5etVA, ZOyBVpeSQ7sYDeZa_v0MFw, LUhVj-r2TtmFx6cyF9ilJg"
110,0S2KCUzFvnWvlRWaDMz7Ng,"KL1oif2ocGH2dJ4w-oT_Mg, Q0fcX_1wvdmffqEPa246rg, nJdNzQ5Z278gTCFJ4HQBLA, aJvi4k0ndFlGBzSZzcbnTw, E7s0QreUJ2H9r0Ls1yDeiQ, GS06uO84yKQpa7oezgVZgQ, JOqWln_EB_f6RUSTxl04dQ, 563C7-HcjhZwZSl4fK-mfQ, BmrVL3Aj5usPfpu5DE1iCg, xbCNlp2vWixy2W1WsfGv8g"
111,wK7unWb9i25ekCP37sWtfQ,"kYDkMGQEuQIeSOGZHHjIxA, 6MR9GZjWjLAS3s39YdDXKw, cgEzHZQKhi2anXfyF75MQw, vL44Ky9VxUtOgteyHasRIA, E8PkjCmDnDE7_2rYf38lRA, aJkxkjYvi89gHIOomnjGVQ, oAsjdHwXgKtK-NU_JEYuPg, XahLCgicRsLPb0TSMAIQtw, e8ohWYW8rbOZWZ4pojU4zQ, mVZoin0a8uTZgLsgJ9iNDQ"
112,7aPagLrqA9U1lXluIMP65g,"xWuzWH8qYaa75REqVd9Isw, e8ohWYW8rbOZWZ4pojU4zQ, 563C7-HcjhZwZSl4fK-mfQ, WUAe0FGaLRCremEDXqNV4A, z57omnqRcAODGwbwMHEIyw, EKEPtNKJdZxRhYoFhuG8ew, AUiX65HxQqwk1yvsBcbTdQ, GbRN507iOJ6JOU-dixk-PQ, 366NwqHwhOic5pBN1DjmDQ, EiYE3T3hfqcpcficZ4zJzQ"
113,jCMdF94UyMHEi6iv8ys-gg,"KL1oif2ocGH2dJ4w-oT_Mg, vL44Ky9VxUtOgteyHasRIA, KMlY-L1oAL3qMQnwQCJPhQ, xbCNlp2vWixy2W1WsfGv8g, z57omnqRcAODGwbwMHEIyw, 3hjLxqqEfnBhwL6ecave_g, 563C7-HcjhZwZSl4fK-mfQ, hJNjKc4sKgWG__KitlJ1ag, QMySP-qHdwQNZY0gDba0ng, E7s0QreUJ2H9r0Ls1yDeiQ"
114,avbAP7ZQpDUgNcDywZtCsg,"se9MhDAQjACYMO3LCIfT1Q, l_tk3iLmyKfBUCK-6nBbHg, Q0fcX_1wvdmffqEPa246rg, z57omnqRcAODGwbwMHEIyw, _jNe_vwxiEh0G9JRZByc0w, hJNjKc4sKgWG__KitlJ1ag, 36jGZp7V0jLnPCYmRipUCg, MuVIpRAEkNfRnmhsPTdl3A, xWuzWH8qYaa75REqVd9Isw, EIZnpMr9ccgutaGzGjzZ9g"
115,4A0Fjisy8aO4ObsKMBdKhQ,"VecnSuJm8sD83LWJ_KqAtg, vL44Ky9VxUtOgteyHasRIA, 8PmbCVEjWGPouD1Tst6FsQ, 22nkIQ4BeSYwsyaPOczOeA, hJNjKc4sKgWG__KitlJ1ag, adI5BlJCtvWq2uAwmyndXA, 8Haoz9Mil7ZnHGU48sgBtw, qmcIsZjLpxd0V4RekSozmA, z-3ZDmVbHZjDrYZE42yKZA, W-kOZ946xRWBJZvxXhJ7DA"
116,PW50KG6menpoHdKeYLAvTg,"_jNe_vwxiEh0G9JRZByc0w, zc_ptb03jQiXnWGwmpAk0A, 563C7-HcjhZwZSl4fK-mfQ, YST4gp2ecFtyUpRAFNZ_HQ, 5Iin0tl6QJT_TyL1BldtyA, EiYE3T3hfqcpcficZ4zJzQ, gqsU03i-WiyYHcBCdwObuQ, E7s0QreUJ2H9r0Ls1yDeiQ, r3U-3yOP1ZB8Yu8Gv0Auwg, KMlY-L1oAL3qMQnwQCJPhQ"
117,3uugj6C_tFdRa8SmVevJFA,"Kcg5iMwYq5ibBuEhDXKx3Q, vL44Ky9VxUtOgteyHasRIA, 8PmbCVEjWGPouD1Tst6FsQ, W-kOZ946xRWBJZvxXhJ7DA, xbCNlp2vWixy2W1WsfGv8g, utYpyFOjNisHl1h7lDGSGA, CHrH99pDvs_jPA22o1xBAA, gXmhQb2v3l7x9Knm7BL8jQ, jHmFpryK4ide4iiqB3xSFQ, AEVNOYRr8ZsG1bj3NuEKgA"
118,yRm9czxWwbiJA-rtRAigcA,"z57omnqRcAODGwbwMHEIyw, Sqwa2aNwnqCmc95gVWQ9bA, 563C7-HcjhZwZSl4fK-mfQ, 6MR9GZjWjLAS3s39YdDXKw, l_tk3iLmyKfBUCK-6nBbHg, AUiX65HxQqwk1yvsBcbTdQ, xjBvbDmbsA0VX-vA55SbAA, xWuzWH8qYaa75REqVd9Isw, 8PmbCVEjWGPouD1Tst6FsQ, tD1veHsKELAH3b7wKmHsaw"
119,EWNjX2eqSWi5xHZ-iRR7QA,"se9MhDAQjACYMO3LCIfT1Q, EKEPtNKJdZxRhYoFhuG8ew, Iexv0Un2MfGEjHk8ejL8Ww, zc_ptb03jQiXnWGwmpAk0A, 8axxI33rUyswfRk_v3vS0A, rvOvog5Utw3VXBwiSCAl0A, Q0fcX_1wvdmffqEPa246rg, GS06uO84yKQpa7oezgVZgQ, LUhVj-r2TtmFx6cyF9ilJg, csbBCysrsifg8N10c0eHCA"
120,E68ZPVpcuWhxvnjq8vTqAA,"xOZ7bkrttSIGS4NZm49w5Q, 0SBDr7GJAFzKECE7IIWfJA, sH-11zOhWubXobEeuMo2gg, 22nkIQ4BeSYwsyaPOczOeA, E7s0QreUJ2H9r0Ls1yDeiQ, W-kOZ946xRWBJZvxXhJ7DA, z57omnqRcAODGwbwMHEIyw, qesu3mk5yHeak9CUO4gRdQ, xbCNlp2vWixy2W1WsfGv8g, L4ivYHVCDpIE0SrPaCn0LA"
121,QssDrW4xPnhnpx_nMo2Kow,"nJdNzQ5Z278gTCFJ4HQBLA, B9gUwTS1_Yzj2vajjC7Vmg, Q0fcX_1wvdmffqEPa246rg, 563C7-HcjhZwZSl4fK-mfQ, se9MhDAQjACYMO3LCIfT1Q, qeFGUu1WPvMMNn5Hno6D-Q, APN05ziH92oIox8EMxcceg, z57omnqRcAODGwbwMHEIyw, gqsU03i-WiyYHcBCdwObuQ, 366NwqHwhOic5pBN1DjmDQ"
122,M-RKuwyjIsgY-w9TGLKNSA,"ksP8426d2qN-mg-JDpkRVQ, hJNjKc4sKgWG__KitlJ1ag, E7s0QreUJ2H9r0Ls1yDeiQ, ZOyBVpeSQ7sYDeZa_v0MFw, cgEzHZQKhi2anXfyF75MQw, vy5dhJyQ_VC1NUpPMmRUlw, 22nkIQ4BeSYwsyaPOczOeA, PiT0jyLL2Jwm2ODTDapOcg, GdzCnx5OWURyklzTjaQIPw, u9iy3hyA9HpETKi9qns__A"
123,N0udGqfu8uh4Pa8OaV2ozQ,"cgEzHZQKhi2anXfyF75MQw, 6MR9GZjWjLAS3s39YdDXKw, xlHRYejgZj-iTm-QPhc8zQ, Q0fcX_1wvdmffqEPa246rg, hJNjKc4sKgWG__KitlJ1ag, 2vOHS-_p5ylEf0BGR1dO9w, PiT0jyLL2Jwm2ODTDapOcg, QMySP-qHdwQNZY0gDba0ng, 0SBDr7GJAFzKECE7IIWfJA, W-kOZ946xRWBJZvxXhJ7DA"
124,xYmJTCC4GowUQRsn-q0ZvA,"E7s0QreUJ2H9r0Ls1yDeiQ, 3hjLxqqEfnBhwL6ecave_g, se9MhDAQjACYMO3LCIfT1Q, xWuzWH8qYaa75REqVd9Isw, yF_fqO9cUUEyaIWhb-iOQQ, zc_ptb03jQiXnWGwmpAk0A, 0HyuO5rOKeaa08TFzjIJIA, Q0fcX_1wvdmffqEPa246rg, xEBRgLnqQ9bYkxTyyR3MNQ, W-kOZ946xRWBJZvxXhJ7DA"
125,N2bEXLOeKlYcaObv6UwmeQ,"BTDPN3hMRrENFZNb76lPKw, 3hjLxqqEfnBhwL6ecave_g, u9iy3hyA9HpETKi9qns__A, pM4mWLjeaZJlcdUxut2lMg, hJNjKc4sKgWG__KitlJ1ag, J_KI8rJa_dSwTglUbwFcdw, E7s0QreUJ2H9r0Ls1yDeiQ, EiYE3T3hfqcpcficZ4zJzQ, e8ohWYW8rbOZWZ4pojU4zQ, B9gUwTS1_Yzj2vajjC7Vmg"
126,SqVspkn4ivOfeBYgk-EIKA,"Vtahv3Af90H3fUuEEhPhdQ, AUiX65HxQqwk1yvsBcbTdQ, csbBCysrsifg8N10c0eHCA, 6MR9GZjWjLAS3s39YdDXKw, XarxHcmxyjvhzoROMTLyMg, V0tRCjf95FTqVJvmxdeqbQ, z57omnqRcAODGwbwMHEIyw, zc_ptb03jQiXnWGwmpAk0A, Rx85NUdD6MhrgKxHr05NlQ, E7s0QreUJ2H9r0Ls1yDeiQ"
127,3c57DbE5YVzaBqJzXTixcA,"563C7-HcjhZwZSl4fK-mfQ, WUAe0FGaLRCremEDXqNV4A, W-kOZ946xRWBJZvxXhJ7DA, z57omnqRcAODGwbwMHEIyw, se9MhDAQjACYMO3LCIfT1Q, Kcg5iMwYq5ibBuEhDXKx3Q, sgawLt-htNEwUh8Wmp3hHQ, vL44Ky9VxUtOgteyHasRIA, lWRbdK9YABr0auLG19FHhQ, lrPNLw0zbfzgWrWINMjsNw"
128,oy9owJElDBGC5kRZQmGxrw,"gqsU03i-WiyYHcBCdwObuQ, csbBCysrsifg8N10c0eHCA, 563C7-HcjhZwZSl4fK-mfQ, 366NwqHwhOic5pBN1DjmDQ, PcR-9sTQRK_UN7qO9rzDNw, xOZ7bkrttSIGS4NZm49w5Q, L4ivYHVCDpIE0SrPaCn0LA, N8hUGYmf0jEO9eDzmYHuAw, gFs3KFdrsnhRxOFj_DF6fw, 0SBDr7GJAFzKECE7IIWfJA"
129,23BfvNiCUERIKFu3w7ljUg,"6MR9GZjWjLAS3s39YdDXKw, AUiX65HxQqwk1yvsBcbTdQ, BmrVL3Aj5usPfpu5DE1iCg, E7s0QreUJ2H9r0Ls1yDeiQ, _TqUO2XaxLQ9i_z3RM8puQ, vL44Ky9VxUtOgteyHasRIA, pv4S2yOiWqH6AdFqzosZpw, xWuzWH8qYaa75REqVd9Isw, S1eha-aT5c7WMk7lDLsW0A, zc_ptb03jQiXnWGwmpAk0A"
130,iZE1J4HZ7CQdiL76w6vsJw,"I1j1kEbQ5BliKsjzl5etVA, nbJXmGpdCxiBnovBkBtWcA, ZOyBVpeSQ7sYDeZa_v0MFw, GbRN507iOJ6JOU-dixk-PQ, 563C7-HcjhZwZSl4fK-mfQ, b8-lt7cnQpcvHM6Qre-WZA, KMlY-L1oAL3qMQnwQCJPhQ, se9MhDAQjACYMO3LCIfT1Q, MuVIpRAEkNfRnmhsPTdl3A, MGOBNMCuhnYRcaiBj9-g1Q"
131,ZkWzMb9QbB5e3JerEIg4Fw,"LUhVj-r2TtmFx6cyF9ilJg, BmrVL3Aj5usPfpu5DE1iCg, 563C7-HcjhZwZSl4fK-mfQ, te-QMdSMQdjws6NnRexjJQ, adI5BlJCtvWq2uAwmyndXA, QMySP-qHdwQNZY0gDba0ng, FMoKoSHgitwnt_iMWm31nQ, xbCNlp2vWixy2W1WsfGv8g, V0tRCjf95FTqVJvmxdeqbQ, 0SBDr7GJAFzKECE7IIWfJA"
132,NIiI-af78NxSrdTl3mfF0w,"z57omnqRcAODGwbwMHEIyw, APN05ziH92oIox8EMxcceg, 3hjLxqqEfnBhwL6ecave_g, nJdNzQ5Z278gTCFJ4HQBLA, vL44Ky9VxUtOgteyHasRIA, vy5dhJyQ_VC1NUpPMmRUlw, 6MR9GZjWjLAS3s39YdDXKw, W-kOZ946xRWBJZvxXhJ7DA, S1eha-aT5c7WMk7lDLsW0A, pM4mWLjeaZJlcdUxut2lMg"
133,nF5jMQ2CUIiQG7U-yvFq7g,"yv8m3r2v3xQtDCYnwJa99Q, KMlY-L1oAL3qMQnwQCJPhQ, N1BTJaWnLsCVsJ3I41EPdg, sH-11zOhWubXobEeuMo2gg, APN05ziH92oIox8EMxcceg, W-kOZ946xRWBJZvxXhJ7DA, kYDkMGQEuQIeSOGZHHjIxA, F3xksTtZUfanOcLQqJn0eQ, NW3KM7K7ywzEfqk3OR4tAQ, 2vOHS-_p5ylEf0BGR1dO9w"
134,u8wr1QZT5k2maUB6_8ni-Q,"563C7-HcjhZwZSl4fK-mfQ, nJdNzQ5Z278gTCFJ4HQBLA, XahLCgicRsLPb0TSMAIQtw, hJNjKc4sKgWG__KitlJ1ag, 8axxI33rUyswfRk_v3vS0A, hz0ldhBHu5M4ri9M_mkOdQ, EiYE3T3hfqcpcficZ4zJzQ, g_fGPZJlGeKGLgC-j-tj6w, 6Kl2SQp-zGo-nsdImLykxw, xOZ7bkrttSIGS4NZm49w5Q"
135,Fou1SlEsdm7ceRTAJCSK-Q,"6MR9GZjWjLAS3s39YdDXKw, 563C7-HcjhZwZSl4fK-mfQ, aIs7Tt3pw6ymj3FOPPR4Ng, fNtFIQM_FKsHsyEIVk_KMQ, V8vKFvdrvhTrQrt-rxKrPA, GbRN507iOJ6JOU-dixk-PQ, qesu3mk5yHeak9CUO4gRdQ, OsJ6-TRuk7dDJC9EjapLiQ, _jNe_vwxiEh0G9JRZByc0w, 2HMvoTz_hw0noLzBWmyxcA"
136,7N9YwddVlZtd2NQkvx3jGQ,"z-3ZDmVbHZjDrYZE42yKZA, cgEzHZQKhi2anXfyF75MQw, hJNjKc4sKgWG__KitlJ1ag, WUAe0FGaLRCremEDXqNV4A, E7s0QreUJ2H9r0Ls1yDeiQ, vL44Ky9VxUtOgteyHasRIA, AinopkZXEBEzm7Q3vidL1w, xjBvbDmbsA0VX-vA55SbAA, 36jGZp7V0jLnPCYmRipUCg, 6MR9GZjWjLAS3s39YdDXKw"
137,RFxjYeLW_aYLdVW3PBwFNg,"Kcg5iMwYq5ibBuEhDXKx3Q, xWuzWH8qYaa75REqVd9Isw, 1X9DnaRUexCmwohV2E-f1g, se9MhDAQjACYMO3LCIfT1Q, Q0fcX_1wvdmffqEPa246rg, hJNjKc4sKgWG__KitlJ1ag, 47Uu-2MceSRFmohdzCOvGQ, 563C7-HcjhZwZSl4fK-mfQ, aIs7Tt3pw6ymj3FOPPR4Ng, KWPhAfod__yKvjH-LG4bjg"
138,w_kJSxW49eAT6NdiXJEpsw,"FMoKoSHgitwnt_iMWm31nQ, BmrVL3Aj5usPfpu5DE1iCg, gtx0OZnN98YXAASyMzv3hw, E7s0QreUJ2H9r0Ls1yDeiQ, 366NwqHwhOic5pBN1DjmDQ, aJkxkjYvi89gHIOomnjGVQ, IWNPEvd3o6GHi60MxnPCVQ, hWpHSSGx4oxxtiJuDEioFw, LUhVj-r2TtmFx6cyF9ilJg, B9gUwTS1_Yzj2vajjC7Vmg"
139,HxEgQzp1ELEBXyk9v5UF2A,"kYDkMGQEuQIeSOGZHHjIxA, P_q9rwxm-O-8cQ3xiswHHg, 2YPpmW-mpN2f6c4cFDtjPw, V8vKFvdrvhTrQrt-rxKrPA, LUhVj-r2TtmFx6cyF9ilJg, E_scgX9Vws9adbh4i_QJnQ, gtx0OZnN98YXAASyMzv3hw, W-kOZ946xRWBJZvxXhJ7DA, vCVTKIeIL55vjhWImBrpSA, hJNjKc4sKgWG__KitlJ1ag"
140,KIRUItqBI5IwFB1PWqSGzA,"lWRbdK9YABr0auLG19FHhQ, adI5BlJCtvWq2uAwmyndXA, PcR-9sTQRK_UN7qO9rzDNw, _TqUO2XaxLQ9i_z3RM8puQ, Q0fcX_1wvdmffqEPa246rg, vy5dhJyQ_VC1NUpPMmRUlw, 3hjLxqqEfnBhwL6ecave_g, dxOMcBE9P1a9vflvLR1P-Q, utYpyFOjNisHl1h7lDGSGA, 36jGZp7V0jLnPCYmRipUCg"
141,qv6zFKA9j2_YSkZ3ImUHAw,"E7s0QreUJ2H9r0Ls1yDeiQ, hz0ldhBHu5M4ri9M_mkOdQ, S1eha-aT5c7WMk7lDLsW0A, 6MR9GZjWjLAS3s39YdDXKw, 0HyuO5rOKeaa08TFzjIJIA, N8hUGYmf0jEO9eDzmYHuAw, J_KI8rJa_dSwTglUbwFcdw, yF_fqO9cUUEyaIWhb-iOQQ, L4ivYHVCDpIE0SrPaCn0LA, qesu3mk5yHeak9CUO4gRdQ"
142,2CvY-N_zMLI_WOv8HogPhw,"AUiX65HxQqwk1yvsBcbTdQ, 8PmbCVEjWGPouD1Tst6FsQ, 6MR9GZjWjLAS3s39YdDXKw, yv8m3r2v3xQtDCYnwJa99Q, LUhVj-r2TtmFx6cyF9ilJg, hz0ldhBHu5M4ri9M_mkOdQ, AEVNOYRr8ZsG1bj3NuEKgA, hJNjKc4sKgWG__KitlJ1ag, nJdNzQ5Z278gTCFJ4HQBLA, te-QMdSMQdjws6NnRexjJQ"
143,zZtSF9uCvA4-z_-j1RiyAA,"sH-11zOhWubXobEeuMo2gg, W-kOZ946xRWBJZvxXhJ7DA, r_KDxVcTZVEigYepnoJ6Lw, IWNPEvd3o6GHi60MxnPCVQ, S1eha-aT5c7WMk7lDLsW0A, T3iWl33fpg4H88zUFr-dSw, tDEdasb2r1FShg8iSzUHHQ, AUiX65HxQqwk1yvsBcbTdQ, 6Kl2SQp-zGo-nsdImLykxw, hJNjKc4sKgWG__KitlJ1ag"
144,4FUVYIUwdLkHrQZ17VV3Tg,"Kcg5iMwYq5ibBuEhDXKx3Q, z-3ZDmVbHZjDrYZE42yKZA, E7s0QreUJ2H9r0Ls1yDeiQ, cgEzHZQKhi2anXfyF75MQw, o9KcGDv2Lkbtit7mxZs8qA, nbF7bEjx_4lQJ3t6aVqFjA, W-kOZ946xRWBJZvxXhJ7DA, IWNPEvd3o6GHi60MxnPCVQ, vL44Ky9VxUtOgteyHasRIA, ksP8426d2qN-mg-JDpkRVQ"
145,XFqrwk2eyELwev8aFSxvQg,"3hjLxqqEfnBhwL6ecave_g, aIs7Tt3pw6ymj3FOPPR4Ng, nJdNzQ5Z278gTCFJ4HQBLA, S1eha-aT5c7WMk7lDLsW0A, WAMesuyxdmL3SRigsxlXng, gtx0OZnN98YXAASyMzv3hw, se9MhDAQjACYMO3LCIfT1Q, zK_6fn5ZLSkW7OhRD30IBw, N1BTJaWnLsCVsJ3I41EPdg, 36jGZp7V0jLnPCYmRipUCg"
146,Ou4BjdfuERdzcRN_tMhq4Q,"xOZ7bkrttSIGS4NZm49w5Q, lWRbdK9YABr0auLG19FHhQ, utYpyFOjNisHl1h7lDGSGA, 563C7-HcjhZwZSl4fK-mfQ, fNtFIQM_FKsHsyEIVk_KMQ, IESXUxhhaHOHvLIgLsa3aQ, e8ohWYW8rbOZWZ4pojU4zQ, 366NwqHwhOic5pBN1DjmDQ, IWNPEvd3o6GHi60MxnPCVQ, AUiX65HxQqwk1yvsBcbTdQ"
147,d0M3Bx5CfuCBMx4a6yFb2w,"EiYE3T3hfqcpcficZ4zJzQ, S1eha-aT5c7WMk7lDLsW0A, 563C7-HcjhZwZSl4fK-mfQ, csbBCysrsifg8N10c0eHCA, se9MhDAQjACYMO3LCIfT1Q, _jNe_vwxiEh0G9JRZByc0w, 6MR9GZjWjLAS3s39YdDXKw, FMoKoSHgitwnt_iMWm31nQ, z-3ZDmVbHZjDrYZE42yKZA, 7Oi6eT_-h_9JlMqRsEdt3A"
148,9-e6IZC7lv7zWVGr0kDBfw,"se9MhDAQjACYMO3LCIfT1Q, 563C7-HcjhZwZSl4fK-mfQ, z57omnqRcAODGwbwMHEIyw, Q0fcX_1wvdmffqEPa246rg, IWNPEvd3o6GHi60MxnPCVQ, AUiX65HxQqwk1yvsBcbTdQ, MuVIpRAEkNfRnmhsPTdl3A, pM4mWLjeaZJlcdUxut2lMg, sH-11zOhWubXobEeuMo2gg, qeFGUu1WPvMMNn5Hno6D-Q"
149,xuQ51kpd3TKXwYwHUysRpQ,"r_KDxVcTZVEigYepnoJ6Lw, OvbLKXkJCg8ZMHX9L5faIA, S1eha-aT5c7WMk7lDLsW0A, E7s0QreUJ2H9r0Ls1yDeiQ, 85Y24Itl548cCCVV2d8HxQ, se9MhDAQjACYMO3LCIfT1Q, x1bjSvpIJTN1KBFhUjOU_g, PaH33N0LI-qitEtS9aMKxg, gtx0OZnN98YXAASyMzv3hw, 366NwqHwhOic5pBN1DjmDQ"
150,Et6mwzOORak5K6kJ-yw4Xw,"Jwp4UFa93ENe-0REPo5hCQ, Q0fcX_1wvdmffqEPa246rg, lWRbdK9YABr0auLG19FHhQ, XahLCgicRsLPb0TSMAIQtw, q9hS_e29155kfo_SeIT1Mw, xjBvbDmbsA0VX-vA55SbAA, _jNe_vwxiEh0G9JRZByc0w, cgEzHZQKhi2anXfyF75MQw, Rx85NUdD6MhrgKxHr05NlQ, 6MR9GZjWjLAS3s39YdDXKw"
151,YBtA8qWOVU0Jee8g_jAXEQ,"csbBCysrsifg8N10c0eHCA, 6Kl2SQp-zGo-nsdImLykxw, cgEzHZQKhi2anXfyF75MQw, xWuzWH8qYaa75REqVd9Isw, tD1veHsKELAH3b7wKmHsaw, DdfvQ1hZOB0-ra7pu-wwoA, xjBvbDmbsA0VX-vA55SbAA, 2vOHS-_p5ylEf0BGR1dO9w, APN05ziH92oIox8EMxcceg, nJdNzQ5Z278gTCFJ4HQBLA"
152,N5EqlX0a8Hu6vheBMgTtDA,"nJdNzQ5Z278gTCFJ4HQBLA, qeFGUu1WPvMMNn5Hno6D-Q, pM4mWLjeaZJlcdUxut2lMg, xbCNlp2vWixy2W1WsfGv8g, srBBM1JiO9wo1OAHieBu-w, K8D_ltZWGvdXUaSE7bBiDw, MxHZ5XwIQWnJFTw9gZxAIg, KMlY-L1oAL3qMQnwQCJPhQ, S9XKKA1evhRh16zrXpSF7g, xWuzWH8qYaa75REqVd9Isw"
153,xA78hV3BVAycTmVIm3pU-w,"nJdNzQ5Z278gTCFJ4HQBLA, z57omnqRcAODGwbwMHEIyw, 563C7-HcjhZwZSl4fK-mfQ, L4ivYHVCDpIE0SrPaCn0LA, e8ohWYW8rbOZWZ4pojU4zQ, FMoKoSHgitwnt_iMWm31nQ, 6MR9GZjWjLAS3s39YdDXKw, zc_ptb03jQiXnWGwmpAk0A, xbCNlp2vWixy2W1WsfGv8g, ZOyBVpeSQ7sYDeZa_v0MFw"
154,q7afpu276gtNdGDWaGqn0g,"K8D_ltZWGvdXUaSE7bBiDw, KMlY-L1oAL3qMQnwQCJPhQ, S1eha-aT5c7WMk7lDLsW0A, gqsU03i-WiyYHcBCdwObuQ, 47Uu-2MceSRFmohdzCOvGQ, se9MhDAQjACYMO3LCIfT1Q, B9gUwTS1_Yzj2vajjC7Vmg, xbCNlp2vWixy2W1WsfGv8g, GbRN507iOJ6JOU-dixk-PQ, rvOvog5Utw3VXBwiSCAl0A"
155,U1L1ZTbrFOu9kdxa1A2cgg,"PiT0jyLL2Jwm2ODTDapOcg, E_scgX9Vws9adbh4i_QJnQ, sjrTFzrb7_pzzBEpC-BvpA, 0SBDr7GJAFzKECE7IIWfJA, z57omnqRcAODGwbwMHEIyw, utYpyFOjNisHl1h7lDGSGA, sH-11zOhWubXobEeuMo2gg, kYDkMGQEuQIeSOGZHHjIxA, DdfvQ1hZOB0-ra7pu-wwoA, J_KI8rJa_dSwTglUbwFcdw"
156,eJpAIofn1vugSg-h57gPrQ,"cgEzHZQKhi2anXfyF75MQw, E7s0QreUJ2H9r0Ls1yDeiQ, KWPhAfod__yKvjH-LG4bjg, IWNPEvd3o6GHi60MxnPCVQ, hJNjKc4sKgWG__KitlJ1ag, gtx0OZnN98YXAASyMzv3hw, Kcg5iMwYq5ibBuEhDXKx3Q, zK_6fn5ZLSkW7OhRD30IBw, z-3ZDmVbHZjDrYZE42yKZA, PiT0jyLL2Jwm2ODTDapOcg"
157,LGfDJMfXDDj93YUfrEqEhA,"PcR-9sTQRK_UN7qO9rzDNw, V0tRCjf95FTqVJvmxdeqbQ, bMEZKjo5LTZS3Hk7zGKflQ, z57omnqRcAODGwbwMHEIyw, N8hUGYmf0jEO9eDzmYHuAw, 563C7-HcjhZwZSl4fK-mfQ, QMySP-qHdwQNZY0gDba0ng, xbCNlp2vWixy2W1WsfGv8g, 8PmbCVEjWGPouD1Tst6FsQ, se9MhDAQjACYMO3LCIfT1Q"
158,ccHzPfXNuczHUnE50xorTA,"8PmbCVEjWGPouD1Tst6FsQ, E7s0QreUJ2H9r0Ls1yDeiQ, hJNjKc4sKgWG__KitlJ1ag, E_scgX9Vws9adbh4i_QJnQ, PiT0jyLL2Jwm2ODTDapOcg, Q0fcX_1wvdmffqEPa246rg, vL44Ky9VxUtOgteyHasRIA, F3xksTtZUfanOcLQqJn0eQ, Vtahv3Af90H3fUuEEhPhdQ, se9MhDAQjACYMO3LCIfT1Q"
159,Adg7wTKXnMxCERIQ1tv8fg,"47Uu-2MceSRFmohdzCOvGQ, nJdNzQ5Z278gTCFJ4HQBLA, N1BTJaWnLsCVsJ3I41EPdg, pM4mWLjeaZJlcdUxut2lMg, B9gUwTS1_Yzj2vajjC7Vmg, K8D_ltZWGvdXUaSE7bBiDw, 366NwqHwhOic5pBN1DjmDQ, KtUuxN2gZXeC7WpJ_w9hNg, FMoKoSHgitwnt_iMWm31nQ, 563C7-HcjhZwZSl4fK-mfQ"
160,PqfTIt852IueKvvewNCW4g,"rvOvog5Utw3VXBwiSCAl0A, qeFGUu1WPvMMNn5Hno6D-Q, Q0fcX_1wvdmffqEPa246rg, se9MhDAQjACYMO3LCIfT1Q, HpgBVYnLQRRBPLxEdGe1Hg, 563C7-HcjhZwZSl4fK-mfQ, xWuzWH8qYaa75REqVd9Isw, 0HyuO5rOKeaa08TFzjIJIA, Rx85NUdD6MhrgKxHr05NlQ, xjBvbDmbsA0VX-vA55SbAA"
161,-K78Uw-3Z_Ph0JCx0FXNig,"hJNjKc4sKgWG__KitlJ1ag, pM4mWLjeaZJlcdUxut2lMg, Q0fcX_1wvdmffqEPa246rg, xWuzWH8qYaa75REqVd9Isw, E7s0QreUJ2H9r0Ls1yDeiQ, _jNe_vwxiEh0G9JRZByc0w, AUiX65HxQqwk1yvsBcbTdQ, gtx0OZnN98YXAASyMzv3hw, sH-11zOhWubXobEeuMo2gg, xbCNlp2vWixy2W1WsfGv8g"
162,t_mhu4-BWlTamg9KbGU91w,"EKEPtNKJdZxRhYoFhuG8ew, BmrVL3Aj5usPfpu5DE1iCg, 563C7-HcjhZwZSl4fK-mfQ, Q0fcX_1wvdmffqEPa246rg, E7s0QreUJ2H9r0Ls1yDeiQ, _TqUO2XaxLQ9i_z3RM8puQ, hJNjKc4sKgWG__KitlJ1ag, gtx0OZnN98YXAASyMzv3hw, qeFGUu1WPvMMNn5Hno6D-Q, hz0ldhBHu5M4ri9M_mkOdQ"
163,KaU3rrZ-MP1KRfOyTbBD1A,"Vtahv3Af90H3fUuEEhPhdQ, adI5BlJCtvWq2uAwmyndXA, E7s0QreUJ2H9r0Ls1yDeiQ, 3hjLxqqEfnBhwL6ecave_g, hJNjKc4sKgWG__KitlJ1ag, vL44Ky9VxUtOgteyHasRIA, RiPhiTDvmhqlF9BYWv8mtA, z57omnqRcAODGwbwMHEIyw, 563C7-HcjhZwZSl4fK-mfQ, 6MR9GZjWjLAS3s39YdDXKw"
164,bFuvgmxqql2KRj56bHmIZQ,"8axxI33rUyswfRk_v3vS0A, Q0fcX_1wvdmffqEPa246rg, te-QMdSMQdjws6NnRexjJQ, 6MR9GZjWjLAS3s39YdDXKw, xjBvbDmbsA0VX-vA55SbAA, Kcg5iMwYq5ibBuEhDXKx3Q, BmrVL3Aj5usPfpu5DE1iCg, csbBCysrsifg8N10c0eHCA, Jwp4UFa93ENe-0REPo5hCQ, 563C7-HcjhZwZSl4fK-mfQ"
165,rBHZxhzDiZR2gCFoEgGRpQ,"MuVIpRAEkNfRnmhsPTdl3A, V8vKFvdrvhTrQrt-rxKrPA, vy5dhJyQ_VC1NUpPMmRUlw, WUAe0FGaLRCremEDXqNV4A, Vtahv3Af90H3fUuEEhPhdQ, 6MR9GZjWjLAS3s39YdDXKw, 2vOHS-_p5ylEf0BGR1dO9w, 8axxI33rUyswfRk_v3vS0A, wNy3CnWWAnTCfDYsZTSUPw, 563C7-HcjhZwZSl4fK-mfQ"
166,ccIa9Xj2r8lFnYB7seE5LA,"563C7-HcjhZwZSl4fK-mfQ, PcR-9sTQRK_UN7qO9rzDNw, sjrTFzrb7_pzzBEpC-BvpA, KMlY-L1oAL3qMQnwQCJPhQ, rvOvog5Utw3VXBwiSCAl0A, gqsU03i-WiyYHcBCdwObuQ, Q1XCsLlyXZJU0ZjuVCcM4A, _jNe_vwxiEh0G9JRZByc0w, Vtahv3Af90H3fUuEEhPhdQ, hJNjKc4sKgWG__KitlJ1ag"
167,wbYenlOjoHtEfYUZ28l6yQ,"S1eha-aT5c7WMk7lDLsW0A, J_KI8rJa_dSwTglUbwFcdw, GbRN507iOJ6JOU-dixk-PQ, z57omnqRcAODGwbwMHEIyw, xOZ7bkrttSIGS4NZm49w5Q, FMoKoSHgitwnt_iMWm31nQ, vL44Ky9VxUtOgteyHasRIA, oAsjdHwXgKtK-NU_JEYuPg, W-kOZ946xRWBJZvxXhJ7DA, S9XKKA1evhRh16zrXpSF7g"
168,Demry6BFAChyZsIicv5EbQ,"V8vKFvdrvhTrQrt-rxKrPA, z-3ZDmVbHZjDrYZE42yKZA, 2HMvoTz_hw0noLzBWmyxcA, 563C7-HcjhZwZSl4fK-mfQ, xbCNlp2vWixy2W1WsfGv8g, 2vOHS-_p5ylEf0BGR1dO9w, zc_ptb03jQiXnWGwmpAk0A, hz0ldhBHu5M4ri9M_mkOdQ, vL44Ky9VxUtOgteyHasRIA, LUhVj-r2TtmFx6cyF9ilJg"
169,oN9bug-cjYV5XfAXkUkDZQ,"s7TMkWF36dwwD8R3TKsJqw, xWuzWH8qYaa75REqVd9Isw, V8vKFvdrvhTrQrt-rxKrPA, 563C7-HcjhZwZSl4fK-mfQ, z57omnqRcAODGwbwMHEIyw, xbCNlp2vWixy2W1WsfGv8g, xOZ7bkrttSIGS4NZm49w5Q, 2vOHS-_p5ylEf0BGR1dO9w, qeFGUu1WPvMMNn5Hno6D-Q, FMoKoSHgitwnt_iMWm31nQ"
170,F__GQ51ECBWekNnIxJT0AQ,"366NwqHwhOic5pBN1DjmDQ, EiYE3T3hfqcpcficZ4zJzQ, KMlY-L1oAL3qMQnwQCJPhQ, zK_6fn5ZLSkW7OhRD30IBw, 563C7-HcjhZwZSl4fK-mfQ, xOZ7bkrttSIGS4NZm49w5Q, Sagzs4cd0ruWEK_T9DaFHg, csbBCysrsifg8N10c0eHCA, 2vOHS-_p5ylEf0BGR1dO9w, E7s0QreUJ2H9r0Ls1yDeiQ"
171,nHIUbyU_XZnFtdi3-oymXA,"sH-11zOhWubXobEeuMo2gg, V0tRCjf95FTqVJvmxdeqbQ, 563C7-HcjhZwZSl4fK-mfQ, FMoKoSHgitwnt_iMWm31nQ, aIs7Tt3pw6ymj3FOPPR4Ng, K8D_ltZWGvdXUaSE7bBiDw, BmrVL3Aj5usPfpu5DE1iCg, 366NwqHwhOic5pBN1DjmDQ, AUiX65HxQqwk1yvsBcbTdQ, rvOvog5Utw3VXBwiSCAl0A"
172,hS5B81QZp24M-9m8lDBv0A,"Rx85NUdD6MhrgKxHr05NlQ, Q0fcX_1wvdmffqEPa246rg, AUiX65HxQqwk1yvsBcbTdQ, 563C7-HcjhZwZSl4fK-mfQ, r_KDxVcTZVEigYepnoJ6Lw, z57omnqRcAODGwbwMHEIyw, cgEzHZQKhi2anXfyF75MQw, 8axxI33rUyswfRk_v3vS0A, 2HMvoTz_hw0noLzBWmyxcA, lWRbdK9YABr0auLG19FHhQ"
173,ltJ6UR7deTWoPMej1AW2jQ,"BmrVL3Aj5usPfpu5DE1iCg, cgEzHZQKhi2anXfyF75MQw, e8ohWYW8rbOZWZ4pojU4zQ, _TqUO2XaxLQ9i_z3RM8puQ, S1eha-aT5c7WMk7lDLsW0A, qeFGUu1WPvMMNn5Hno6D-Q, se9MhDAQjACYMO3LCIfT1Q, 0SBDr7GJAFzKECE7IIWfJA, 0HyuO5rOKeaa08TFzjIJIA, 563C7-HcjhZwZSl4fK-mfQ"
174,8UgMUgkhCh3HwB0x7YgxqQ,"r3U-3yOP1ZB8Yu8Gv0Auwg, I1j1kEbQ5BliKsjzl5etVA, 563C7-HcjhZwZSl4fK-mfQ, J_KI8rJa_dSwTglUbwFcdw, BmrVL3Aj5usPfpu5DE1iCg, 0SBDr7GJAFzKECE7IIWfJA, tD1veHsKELAH3b7wKmHsaw, 0HyuO5rOKeaa08TFzjIJIA, FMoKoSHgitwnt_iMWm31nQ, cgEzHZQKhi2anXfyF75MQw"
175,X4qXP6G0GBz1y5bDUafYrQ,"yv8m3r2v3xQtDCYnwJa99Q, r3U-3yOP1ZB8Yu8Gv0Auwg, adI5BlJCtvWq2uAwmyndXA, vy5dhJyQ_VC1NUpPMmRUlw, qesu3mk5yHeak9CUO4gRdQ, ksP8426d2qN-mg-JDpkRVQ, PiT0jyLL2Jwm2ODTDapOcg, L4ivYHVCDpIE0SrPaCn0LA, F3xksTtZUfanOcLQqJn0eQ, 1X9DnaRUexCmwohV2E-f1g"
176,pSfeno8ExPHvn8NXca5sfA,"563C7-HcjhZwZSl4fK-mfQ, _TqUO2XaxLQ9i_z3RM8puQ, se9MhDAQjACYMO3LCIfT1Q, Q0fcX_1wvdmffqEPa246rg, E8PkjCmDnDE7_2rYf38lRA, Rx85NUdD6MhrgKxHr05NlQ, HcfwrlljJpfLh71znq47zw, KL1oif2ocGH2dJ4w-oT_Mg, utYpyFOjNisHl1h7lDGSGA, 3hjLxqqEfnBhwL6ecave_g"
177,awto1-gW36q0avBVDGf_1g,"Rx85NUdD6MhrgKxHr05NlQ, z57omnqRcAODGwbwMHEIyw, gONO6UIMj8kFo1IvnROuuQ, DdfvQ1hZOB0-ra7pu-wwoA, APN05ziH92oIox8EMxcceg, nbJXmGpdCxiBnovBkBtWcA, se9MhDAQjACYMO3LCIfT1Q, e8ohWYW8rbOZWZ4pojU4zQ, xWuzWH8qYaa75REqVd9Isw, _TqUO2XaxLQ9i_z3RM8puQ"
178,QcwinI60dFY5nd7ZwXZphA,"2HMvoTz_hw0noLzBWmyxcA, IWNPEvd3o6GHi60MxnPCVQ, vL44Ky9VxUtOgteyHasRIA, nJdNzQ5Z278gTCFJ4HQBLA, W-kOZ946xRWBJZvxXhJ7DA, E7s0QreUJ2H9r0Ls1yDeiQ, GS06uO84yKQpa7oezgVZgQ, PiT0jyLL2Jwm2ODTDapOcg, LUhVj-r2TtmFx6cyF9ilJg, adI5BlJCtvWq2uAwmyndXA"
179,-ZBReTMh4DEGjc9XtteCtg,"xEBRgLnqQ9bYkxTyyR3MNQ, hJNjKc4sKgWG__KitlJ1ag, 8axxI33rUyswfRk_v3vS0A, z57omnqRcAODGwbwMHEIyw, QMySP-qHdwQNZY0gDba0ng, VDQPizXm5NcxYHcBQbzdGw, F3xksTtZUfanOcLQqJn0eQ, 1rVolOOpyyqcy5w366lMqw, 8Haoz9Mil7ZnHGU48sgBtw, Rx85NUdD6MhrgKxHr05NlQ"
180,mBcFST0p0wFnqYUGjtZ4lg,"se9MhDAQjACYMO3LCIfT1Q, 6MR9GZjWjLAS3s39YdDXKw, x1bjSvpIJTN1KBFhUjOU_g, EKEPtNKJdZxRhYoFhuG8ew, 563C7-HcjhZwZSl4fK-mfQ, hJNjKc4sKgWG__KitlJ1ag, MuVIpRAEkNfRnmhsPTdl3A, xWuzWH8qYaa75REqVd9Isw, BmrVL3Aj5usPfpu5DE1iCg, Vtahv3Af90H3fUuEEhPhdQ"
181,xux7pwny7edNxhUmPPpFkg,"hJNjKc4sKgWG__KitlJ1ag, 563C7-HcjhZwZSl4fK-mfQ, FMoKoSHgitwnt_iMWm31nQ, Q0fcX_1wvdmffqEPa246rg, MuVIpRAEkNfRnmhsPTdl3A, cgEzHZQKhi2anXfyF75MQw, se9MhDAQjACYMO3LCIfT1Q, _TqUO2XaxLQ9i_z3RM8puQ, q9hS_e29155kfo_SeIT1Mw, APN05ziH92oIox8EMxcceg"
182,93vyTaJgzQRQO4Zs9Cg_pw,"nJdNzQ5Z278gTCFJ4HQBLA, 3hjLxqqEfnBhwL6ecave_g, 8Haoz9Mil7ZnHGU48sgBtw, se9MhDAQjACYMO3LCIfT1Q, 366NwqHwhOic5pBN1DjmDQ, nbF7bEjx_4lQJ3t6aVqFjA, hJNjKc4sKgWG__KitlJ1ag, W-kOZ946xRWBJZvxXhJ7DA, UqcK-YuHPzcWQtNjmhTb7g, aHYIubjRbTLB3o_eXkrMXA"
183,fQKue8ExT7MGxFcaxBWAIQ,"WtvDGvduFU-IH1qxrZNcJQ, 2HMvoTz_hw0noLzBWmyxcA, z-3ZDmVbHZjDrYZE42yKZA, DdfvQ1hZOB0-ra7pu-wwoA, kMRYwa1IOb-WJzDW-Cqdhw, IO8J6QJsdFeuso1Xmp3YtA, sH-11zOhWubXobEeuMo2gg, vy5dhJyQ_VC1NUpPMmRUlw, QMySP-qHdwQNZY0gDba0ng, PiT0jyLL2Jwm2ODTDapOcg"
184,HYJUTUxMzyLyniE5tFoE-g,"563C7-HcjhZwZSl4fK-mfQ, z57omnqRcAODGwbwMHEIyw, nbF7bEjx_4lQJ3t6aVqFjA, yYh6t6a_0LGLVS_MNYEHsQ, Vtahv3Af90H3fUuEEhPhdQ, lrPNLw0zbfzgWrWINMjsNw, FMoKoSHgitwnt_iMWm31nQ, EKEPtNKJdZxRhYoFhuG8ew, xOZ7bkrttSIGS4NZm49w5Q, sH-11zOhWubXobEeuMo2gg"
185,fac2ymxeYW7tu6ysUGzaNw,"nJdNzQ5Z278gTCFJ4HQBLA, 8axxI33rUyswfRk_v3vS0A, s7TMkWF36dwwD8R3TKsJqw, tD1veHsKELAH3b7wKmHsaw, V8vKFvdrvhTrQrt-rxKrPA, 563C7-HcjhZwZSl4fK-mfQ, xjBvbDmbsA0VX-vA55SbAA, xOZ7bkrttSIGS4NZm49w5Q, 85Y24Itl548cCCVV2d8HxQ, hJNjKc4sKgWG__KitlJ1ag"
186,bwS0UtV5XH-5BnkKdflyIg,"3hjLxqqEfnBhwL6ecave_g, BmrVL3Aj5usPfpu5DE1iCg, D2smJ2r0RrVoe0aGlT-2wA, Fppy5re0jwpdHcRVRPlBOw, cBHMUESPj4SNs65Xv6xWRA, x1bjSvpIJTN1KBFhUjOU_g, GbRN507iOJ6JOU-dixk-PQ, 47Uu-2MceSRFmohdzCOvGQ, 8axxI33rUyswfRk_v3vS0A, AUiX65HxQqwk1yvsBcbTdQ"
187,aLyUjrk69wzNe8828nmwvA,"pM4mWLjeaZJlcdUxut2lMg, 3hjLxqqEfnBhwL6ecave_g, 563C7-HcjhZwZSl4fK-mfQ, QMySP-qHdwQNZY0gDba0ng, z-3ZDmVbHZjDrYZE42yKZA, 47Uu-2MceSRFmohdzCOvGQ, 6MR9GZjWjLAS3s39YdDXKw, Vtahv3Af90H3fUuEEhPhdQ, S1eha-aT5c7WMk7lDLsW0A, LUhVj-r2TtmFx6cyF9ilJg"
188,mgqLOj2fYPriJwfpx1bEWA,"FMoKoSHgitwnt_iMWm31nQ, z57omnqRcAODGwbwMHEIyw, xOZ7bkrttSIGS4NZm49w5Q, J_KI8rJa_dSwTglUbwFcdw, gONO6UIMj8kFo1IvnROuuQ, s7TMkWF36dwwD8R3TKsJqw, sgawLt-htNEwUh8Wmp3hHQ, gqsU03i-WiyYHcBCdwObuQ, csbBCysrsifg8N10c0eHCA, qeFGUu1WPvMMNn5Hno6D-Q"
189,_AkImqSimksxIDIVq4V-dA,"e8ohWYW8rbOZWZ4pojU4zQ, z57omnqRcAODGwbwMHEIyw, 563C7-HcjhZwZSl4fK-mfQ, vL44Ky9VxUtOgteyHasRIA, 2vOHS-_p5ylEf0BGR1dO9w, cgEzHZQKhi2anXfyF75MQw, L4ivYHVCDpIE0SrPaCn0LA, xOZ7bkrttSIGS4NZm49w5Q, g_fGPZJlGeKGLgC-j-tj6w, EiYE3T3hfqcpcficZ4zJzQ"
190,QLecW-87QIdnwBnVH1mDBQ,"563C7-HcjhZwZSl4fK-mfQ, AUiX65HxQqwk1yvsBcbTdQ, S1eha-aT5c7WMk7lDLsW0A, vL44Ky9VxUtOgteyHasRIA, se9MhDAQjACYMO3LCIfT1Q, E7s0QreUJ2H9r0Ls1yDeiQ, 85Y24Itl548cCCVV2d8HxQ, xWuzWH8qYaa75REqVd9Isw, b8-lt7cnQpcvHM6Qre-WZA, 2vOHS-_p5ylEf0BGR1dO9w"
191,sZ7Yj68IqrPXVSs0hsfUJg,"563C7-HcjhZwZSl4fK-mfQ, AUiX65HxQqwk1yvsBcbTdQ, se9MhDAQjACYMO3LCIfT1Q, Q0fcX_1wvdmffqEPa246rg, z57omnqRcAODGwbwMHEIyw, nJdNzQ5Z278gTCFJ4HQBLA, nbJXmGpdCxiBnovBkBtWcA, Fx4ONDdL_3eM-KCQ49WUSQ, E8PkjCmDnDE7_2rYf38lRA, _TqUO2XaxLQ9i_z3RM8puQ"
192,Kmq1ggxmcd-gdY6imsrfww,"z57omnqRcAODGwbwMHEIyw, xjBvbDmbsA0VX-vA55SbAA, voaZjLwStQEq9-wj7hFYBQ, FMoKoSHgitwnt_iMWm31nQ, yv8m3r2v3xQtDCYnwJa99Q, 0SBDr7GJAFzKECE7IIWfJA, kYDkMGQEuQIeSOGZHHjIxA, 36jGZp7V0jLnPCYmRipUCg, cgEzHZQKhi2anXfyF75MQw, z-3ZDmVbHZjDrYZE42yKZA"
193,ojkg8l3E_FDNnAqjKtEioQ,"8PmbCVEjWGPouD1Tst6FsQ, xWuzWH8qYaa75REqVd9Isw, E7s0QreUJ2H9r0Ls1yDeiQ, Q0fcX_1wvdmffqEPa246rg, 8Haoz9Mil7ZnHGU48sgBtw, ZOyBVpeSQ7sYDeZa_v0MFw, nJdNzQ5Z278gTCFJ4HQBLA, cBHMUESPj4SNs65Xv6xWRA, 2vOHS-_p5ylEf0BGR1dO9w, gtx0OZnN98YXAASyMzv3hw"
194,Yt_y59nDDmf1lDepYnshtA,"E7s0QreUJ2H9r0Ls1yDeiQ, NW3KM7K7ywzEfqk3OR4tAQ, 2HMvoTz_hw0noLzBWmyxcA, z-3ZDmVbHZjDrYZE42yKZA, GdzCnx5OWURyklzTjaQIPw, W-kOZ946xRWBJZvxXhJ7DA, vL44Ky9VxUtOgteyHasRIA, PiT0jyLL2Jwm2ODTDapOcg, ZOyBVpeSQ7sYDeZa_v0MFw, cgEzHZQKhi2anXfyF75MQw"
195,ud0mbXHCpQ9mxQrQfwUemg,"AUiX65HxQqwk1yvsBcbTdQ, 2vOHS-_p5ylEf0BGR1dO9w, se9MhDAQjACYMO3LCIfT1Q, z57omnqRcAODGwbwMHEIyw, Q0fcX_1wvdmffqEPa246rg, Jwp4UFa93ENe-0REPo5hCQ, xOZ7bkrttSIGS4NZm49w5Q, xbCNlp2vWixy2W1WsfGv8g, nJdNzQ5Z278gTCFJ4HQBLA, S1eha-aT5c7WMk7lDLsW0A"
196,7vZzu-o3eCgQaf7nPfYY5A,"563C7-HcjhZwZSl4fK-mfQ, cgEzHZQKhi2anXfyF75MQw, 366NwqHwhOic5pBN1DjmDQ, EiYE3T3hfqcpcficZ4zJzQ, XahLCgicRsLPb0TSMAIQtw, nJdNzQ5Z278gTCFJ4HQBLA, nbJXmGpdCxiBnovBkBtWcA, DdfvQ1hZOB0-ra7pu-wwoA, 8axxI33rUyswfRk_v3vS0A, xCeiBRuvqYXDXp9Vw7gmXw"
197,AV17hCPp3TJckyHT21i9lw,"xOZ7bkrttSIGS4NZm49w5Q, hz0ldhBHu5M4ri9M_mkOdQ, g_fGPZJlGeKGLgC-j-tj6w, z57omnqRcAODGwbwMHEIyw, sH-11zOhWubXobEeuMo2gg, 563C7-HcjhZwZSl4fK-mfQ, ZOyBVpeSQ7sYDeZa_v0MFw, Q0fcX_1wvdmffqEPa246rg, aJvi4k0ndFlGBzSZzcbnTw, XarxHcmxyjvhzoROMTLyMg"
198,-V3iXmuL568kFvfJKBXROA,"47Uu-2MceSRFmohdzCOvGQ, se9MhDAQjACYMO3LCIfT1Q, g_fGPZJlGeKGLgC-j-tj6w, BmrVL3Aj5usPfpu5DE1iCg, xWuzWH8qYaa75REqVd9Isw, gtx0OZnN98YXAASyMzv3hw, GS06uO84yKQpa7oezgVZgQ, gFs3KFdrsnhRxOFj_DF6fw, KL1oif2ocGH2dJ4w-oT_Mg, 366NwqHwhOic5pBN1DjmDQ"
199,KMrUM3hIAjbRJbZ_pbcUxQ,"nJdNzQ5Z278gTCFJ4HQBLA, z57omnqRcAODGwbwMHEIyw, KMlY-L1oAL3qMQnwQCJPhQ, pM4mWLjeaZJlcdUxut2lMg, _jNe_vwxiEh0G9JRZByc0w, gqsU03i-WiyYHcBCdwObuQ, se9MhDAQjACYMO3LCIfT1Q, Q0fcX_1wvdmffqEPa246rg, xOZ7bkrttSIGS4NZm49w5Q, IWNPEvd3o6GHi60MxnPCVQ"
200,_NvaWihvoqp0ZZfkhG3sig,"se9MhDAQjACYMO3LCIfT1Q, FMoKoSHgitwnt_iMWm31nQ, 9RKjjuTQYkYpGmCtfVsTZQ, 563C7-HcjhZwZSl4fK-mfQ, E7s0QreUJ2H9r0Ls1yDeiQ, 0HyuO5rOKeaa08TFzjIJIA, tD1veHsKELAH3b7wKmHsaw, z57omnqRcAODGwbwMHEIyw, MuVIpRAEkNfRnmhsPTdl3A, l_tk3iLmyKfBUCK-6nBbHg"
201,mbtri0iWlGf-Qd25JQ_UBA,"xbCNlp2vWixy2W1WsfGv8g, 563C7-HcjhZwZSl4fK-mfQ, vL44Ky9VxUtOgteyHasRIA, hz0ldhBHu5M4ri9M_mkOdQ, Nvi9RLcOdrJvSwcw-ziZQQ, Q0fcX_1wvdmffqEPa246rg, FMoKoSHgitwnt_iMWm31nQ, gJliACNKY4rK30BTMIzwsQ, Kcg5iMwYq5ibBuEhDXKx3Q, QIvn4fWw2bE53kgePK7oEQ"
202,2ROguWudHPAM-m5DNRvMPQ,"ZMcd7w-yDhFRLSwvJBV1VQ, R79Hir871EF-kRLIBPy9qg, adI5BlJCtvWq2uAwmyndXA, J_KI8rJa_dSwTglUbwFcdw, xbCNlp2vWixy2W1WsfGv8g, 5Iin0tl6QJT_TyL1BldtyA, 2HMvoTz_hw0noLzBWmyxcA, wXob57ntnAnzSEWnt9syEQ, qeFGUu1WPvMMNn5Hno6D-Q, z57omnqRcAODGwbwMHEIyw"
203,0lgr88M1Wdzy9iBQbL6L2g,"Q0fcX_1wvdmffqEPa246rg, 563C7-HcjhZwZSl4fK-mfQ, se9MhDAQjACYMO3LCIfT1Q, 2HMvoTz_hw0noLzBWmyxcA, QMySP-qHdwQNZY0gDba0ng, 5Iin0tl6QJT_TyL1BldtyA, E7s0QreUJ2H9r0Ls1yDeiQ, S1eha-aT5c7WMk7lDLsW0A, 36jGZp7V0jLnPCYmRipUCg, K8D_ltZWGvdXUaSE7bBiDw"
204,B-edcZUr01jugv_B29plDw,"PiT0jyLL2Jwm2ODTDapOcg, ksP8426d2qN-mg-JDpkRVQ, BmrVL3Aj5usPfpu5DE1iCg, B9gUwTS1_Yzj2vajjC7Vmg, 47Uu-2MceSRFmohdzCOvGQ, sjrTFzrb7_pzzBEpC-BvpA, xOZ7bkrttSIGS4NZm49w5Q, 5do7Z64Lh60BOJiZed7YJQ, z57omnqRcAODGwbwMHEIyw, KMlY-L1oAL3qMQnwQCJPhQ"
205,SfY0jEFqBkrqq9bVi6P31Q,"nJdNzQ5Z278gTCFJ4HQBLA, 4owK2zpqI7qQ774DSNTkjQ, l_tk3iLmyKfBUCK-6nBbHg, qeFGUu1WPvMMNn5Hno6D-Q, 9RKjjuTQYkYpGmCtfVsTZQ, 3hjLxqqEfnBhwL6ecave_g, utYpyFOjNisHl1h7lDGSGA, IgicVjRYx6fB5n5z4t6xBA, AUiX65HxQqwk1yvsBcbTdQ, s7TMkWF36dwwD8R3TKsJqw"
206,T6W1v13bzNQM20vrAcTYHg,"nJdNzQ5Z278gTCFJ4HQBLA, 366NwqHwhOic5pBN1DjmDQ, GS06uO84yKQpa7oezgVZgQ, B9gUwTS1_Yzj2vajjC7Vmg, BmrVL3Aj5usPfpu5DE1iCg, E7s0QreUJ2H9r0Ls1yDeiQ, KMlY-L1oAL3qMQnwQCJPhQ, klzCMxmhrHWZeNseS4GKFg, xWuzWH8qYaa75REqVd9Isw, 563C7-HcjhZwZSl4fK-mfQ"
207,jJ-MRytfgNEzutY8TBxJKw,"sH-11zOhWubXobEeuMo2gg, 6MR9GZjWjLAS3s39YdDXKw, xbCNlp2vWixy2W1WsfGv8g, z57omnqRcAODGwbwMHEIyw, l_tk3iLmyKfBUCK-6nBbHg, xOZ7bkrttSIGS4NZm49w5Q, KMlY-L1oAL3qMQnwQCJPhQ, YST4gp2ecFtyUpRAFNZ_HQ, KWPhAfod__yKvjH-LG4bjg, e8ohWYW8rbOZWZ4pojU4zQ"
208,sP_NnexHbu0eqJVmtCOZQQ,"te-QMdSMQdjws6NnRexjJQ, cgEzHZQKhi2anXfyF75MQw, nJdNzQ5Z278gTCFJ4HQBLA, hJNjKc4sKgWG__KitlJ1ag, se9MhDAQjACYMO3LCIfT1Q, AUiX65HxQqwk1yvsBcbTdQ, APN05ziH92oIox8EMxcceg, Q0fcX_1wvdmffqEPa246rg, BmrVL3Aj5usPfpu5DE1iCg, SD3ZyFR5ZjFneWpYhT6tLg"
209,XyOlmy-Tc6DPfw5stMJ_zA,"xjBvbDmbsA0VX-vA55SbAA, 563C7-HcjhZwZSl4fK-mfQ, SD3ZyFR5ZjFneWpYhT6tLg, g_fGPZJlGeKGLgC-j-tj6w, nJdNzQ5Z278gTCFJ4HQBLA, 2vOHS-_p5ylEf0BGR1dO9w, Rx85NUdD6MhrgKxHr05NlQ, hJNjKc4sKgWG__KitlJ1ag, se9MhDAQjACYMO3LCIfT1Q, V8vKFvdrvhTrQrt-rxKrPA"
210,1Xm4Nea4ikRokE0Nlt-dwg,"z57omnqRcAODGwbwMHEIyw, xOZ7bkrttSIGS4NZm49w5Q, g_fGPZJlGeKGLgC-j-tj6w, 47Uu-2MceSRFmohdzCOvGQ, 4NWMr9xSPImqdwDgYvrwXQ, GS06uO84yKQpa7oezgVZgQ, S1eha-aT5c7WMk7lDLsW0A, vL44Ky9VxUtOgteyHasRIA, 6MR9GZjWjLAS3s39YdDXKw, 41vgh9z4OSJfbgOy57qh0Q"
211,JkP7WtmnqmGctb1QFulVcw,"se9MhDAQjACYMO3LCIfT1Q, E7s0QreUJ2H9r0Ls1yDeiQ, AUiX65HxQqwk1yvsBcbTdQ, 563C7-HcjhZwZSl4fK-mfQ, 22nkIQ4BeSYwsyaPOczOeA, L4ivYHVCDpIE0SrPaCn0LA, K8D_ltZWGvdXUaSE7bBiDw, aHYIubjRbTLB3o_eXkrMXA, qeFGUu1WPvMMNn5Hno6D-Q, nJdNzQ5Z278gTCFJ4HQBLA"
212,KerXo7TQpmSSeZIv7zXxzw,"se9MhDAQjACYMO3LCIfT1Q, adI5BlJCtvWq2uAwmyndXA, 8PmbCVEjWGPouD1Tst6FsQ, W-kOZ946xRWBJZvxXhJ7DA, 563C7-HcjhZwZSl4fK-mfQ, V8vKFvdrvhTrQrt-rxKrPA, utYpyFOjNisHl1h7lDGSGA, nbF7bEjx_4lQJ3t6aVqFjA, hz0ldhBHu5M4ri9M_mkOdQ, qeFGUu1WPvMMNn5Hno6D-Q"
213,IpE_BSBMUl55FJfsi7-tuQ,"nJdNzQ5Z278gTCFJ4HQBLA, xWuzWH8qYaa75REqVd9Isw, z57omnqRcAODGwbwMHEIyw, Q0fcX_1wvdmffqEPa246rg, se9MhDAQjACYMO3LCIfT1Q, 563C7-HcjhZwZSl4fK-mfQ, Sagzs4cd0ruWEK_T9DaFHg, GdzCnx5OWURyklzTjaQIPw, 6MR9GZjWjLAS3s39YdDXKw, _TqUO2XaxLQ9i_z3RM8puQ"
214,mTH7-QA2H9auoUi9no10Ww,"E_scgX9Vws9adbh4i_QJnQ, KL1oif2ocGH2dJ4w-oT_Mg, se9MhDAQjACYMO3LCIfT1Q, E7s0QreUJ2H9r0Ls1yDeiQ, QMySP-qHdwQNZY0gDba0ng, EiYE3T3hfqcpcficZ4zJzQ, nJdNzQ5Z278gTCFJ4HQBLA, 8PmbCVEjWGPouD1Tst6FsQ, 563C7-HcjhZwZSl4fK-mfQ, gtx0OZnN98YXAASyMzv3hw"
215,ctatGRZqs9urE-OfV1rDug,"l_tk3iLmyKfBUCK-6nBbHg, gtx0OZnN98YXAASyMzv3hw, Rx85NUdD6MhrgKxHr05NlQ, 366NwqHwhOic5pBN1DjmDQ, csbBCysrsifg8N10c0eHCA, cgEzHZQKhi2anXfyF75MQw, hz0ldhBHu5M4ri9M_mkOdQ, qDPn14lenAGehkbnJaqnYg, EiYE3T3hfqcpcficZ4zJzQ, 7Oi6eT_-h_9JlMqRsEdt3A"
216,7jhPCj640UXpNKlwgZbKYA,"IYdv6RxSiqz2XMsqkiTmPQ, aJkxkjYvi89gHIOomnjGVQ, qesu3mk5yHeak9CUO4gRdQ, qmcIsZjLpxd0V4RekSozmA, vL44Ky9VxUtOgteyHasRIA, xWuzWH8qYaa75REqVd9Isw, ZOyBVpeSQ7sYDeZa_v0MFw, W-kOZ946xRWBJZvxXhJ7DA, 4owK2zpqI7qQ774DSNTkjQ, z57omnqRcAODGwbwMHEIyw"
217,XrLXLru68mqIire2txXD7Q,"z57omnqRcAODGwbwMHEIyw, l_tk3iLmyKfBUCK-6nBbHg, xCeiBRuvqYXDXp9Vw7gmXw, gqsU03i-WiyYHcBCdwObuQ, EIZnpMr9ccgutaGzGjzZ9g, Rx85NUdD6MhrgKxHr05NlQ, xbCNlp2vWixy2W1WsfGv8g, lrPNLw0zbfzgWrWINMjsNw, 7Oi6eT_-h_9JlMqRsEdt3A, 563C7-HcjhZwZSl4fK-mfQ"
218,8b5H6tG1riOQw2mEVrO--A,"z57omnqRcAODGwbwMHEIyw, jAdh1mDxSCCOmV_6UpYMow, vL44Ky9VxUtOgteyHasRIA, S1eha-aT5c7WMk7lDLsW0A, sH-11zOhWubXobEeuMo2gg, qesu3mk5yHeak9CUO4gRdQ, t4pxMWLb7wDMsmURxYkUYQ, aIs7Tt3pw6ymj3FOPPR4Ng, pM4mWLjeaZJlcdUxut2lMg, yYh6t6a_0LGLVS_MNYEHsQ"
219,10RpPp6zKOTkJwE6JE7Ung,"W-kOZ946xRWBJZvxXhJ7DA, OvbLKXkJCg8ZMHX9L5faIA, vy5dhJyQ_VC1NUpPMmRUlw, z57omnqRcAODGwbwMHEIyw, x5stEsLXNzS3WTy5YhdLlA, 8PmbCVEjWGPouD1Tst6FsQ, L4ivYHVCDpIE0SrPaCn0LA, 0XcOq9ibk5DSXGcX1d0_rA, ZOyBVpeSQ7sYDeZa_v0MFw, mX58qv1o62qWtP4OsIYdYg"
220,nr3S8p-lpf7K9W58eo_mLQ,"mVZoin0a8uTZgLsgJ9iNDQ, 8PmbCVEjWGPouD1Tst6FsQ, -JPz4W7MPOy-rQO8OKNk0g, 6MR9GZjWjLAS3s39YdDXKw, nbJXmGpdCxiBnovBkBtWcA, Q0fcX_1wvdmffqEPa246rg, APN05ziH92oIox8EMxcceg, KL1oif2ocGH2dJ4w-oT_Mg, z-3ZDmVbHZjDrYZE42yKZA, x1bjSvpIJTN1KBFhUjOU_g"
221,K1tDoNEHiaAi-k4SFhCAng,"gONO6UIMj8kFo1IvnROuuQ, 563C7-HcjhZwZSl4fK-mfQ, S1eha-aT5c7WMk7lDLsW0A, 2HMvoTz_hw0noLzBWmyxcA, xWuzWH8qYaa75REqVd9Isw, krvqEVmPnJJYA9ngZCHX2w, se9MhDAQjACYMO3LCIfT1Q, qesu3mk5yHeak9CUO4gRdQ, xbCNlp2vWixy2W1WsfGv8g, xjBvbDmbsA0VX-vA55SbAA"
222,0VyDSM1uIrTU8LfaFh8JdA,"BXeXS9EaNN03AptFwElvjA, S1eha-aT5c7WMk7lDLsW0A, xbCNlp2vWixy2W1WsfGv8g, LUhVj-r2TtmFx6cyF9ilJg, csbBCysrsifg8N10c0eHCA, S9XKKA1evhRh16zrXpSF7g, hJNjKc4sKgWG__KitlJ1ag, sH-11zOhWubXobEeuMo2gg, nJdNzQ5Z278gTCFJ4HQBLA, hz0ldhBHu5M4ri9M_mkOdQ"
223,TNxBN-tg_2U0vBnTw-LZKQ,"Rx85NUdD6MhrgKxHr05NlQ, nJdNzQ5Z278gTCFJ4HQBLA, 563C7-HcjhZwZSl4fK-mfQ, 6Kl2SQp-zGo-nsdImLykxw, AUiX65HxQqwk1yvsBcbTdQ, e8ohWYW8rbOZWZ4pojU4zQ, qDPn14lenAGehkbnJaqnYg, 8PmbCVEjWGPouD1Tst6FsQ, MuVIpRAEkNfRnmhsPTdl3A, pM4mWLjeaZJlcdUxut2lMg"
